Workbook

Sheet Dataset
A1: Student_ID | B1: Student_Name | C1: Department | D1: Gender | E1: Semester | F1: Attendance_% | G1: Study_Hours | H1: Assignment_Score | I1: Midterm_Score | J1: Final_Exam_Score | K1: Projects_Completed | L1: Certifications | M1: Backlogs | N1: Internship | O1: Monthly_Stipend | P1: Placement_Status | Q1: Overall_Score | R1: GRADE | S1: PLACED FLAG | T1: AVG EXAM SCORE | U1: RANK | V1: UPPER_CASE | W1: STUDENT NO
A2: STU1001 | B2: Student_001 | C2: IT | D2: Female | E2: 6 | F2: 76.4 | G2: 1.9 | H2: 100 | I2: 76.4 | J2: 74.9 | K2: 2 | L2: 1 | M2: 0 | N2: No | O2: 0 | P2: Placed | Q2: 80.37 | R2: =IF(Q2>=KPI!$E$4,"A",IF(Q2>=KPI!$E$5,"B",IF(Q2>=KPI!$E$6,"C",IF(Q2>=KPI!$E$7,"D","F")))) -> B | S2: =IF(P2="Placed",1,0) -> 1 | T2: =IFERROR(AVERAGE(I2:J2),0) -> 75.65 | U2: =RANK(Q2,$Q$2:$Q$251,0)+COUNTIF($Q$2:Q2,Q2)-1 -> 79 | V2: =UPPER(B2) -> STUDENT_001 | W2: =IFERROR(MID(B2,FIND("_",B2)+1,LEN(B2)),B2) -> 001
A3: STU1002 | B3: Student_002 | C3: Electronics | D3: Female | E3: 7 | F3: 62.3 | G3: 5.8 | H3: 69.6 | I3: 72 | J3: 66.1 | K3: 2 | L3: 0 | M3: 0 | N3: No | O3: 0 | P3: Not Placed | Q3: 68.57 | R3: =IF(Q3>=KPI!$E$4,"A",IF(Q3>=KPI!$E$5,"B",IF(Q3>=KPI!$E$6,"C",IF(Q3>=KPI!$E$7,"D","F")))) -> C | S3: =IF(P3="Placed",1,0) -> 0 | T3: =IFERROR(AVERAGE(I3:J3),0) -> 69.05 | U3: =RANK(Q3,$Q$2:$Q$251,0)+COUNTIF($Q$2:Q3,Q3)-1 -> 197 | V3: =UPPER(B3) -> STUDENT_002 | W3: =IFERROR(MID(B3,FIND("_",B3)+1,LEN(B3)),B3) -> 002
A4: STU1003 | B4: Student_003 | C4: Data Science | D4: Male | E4: 1 | F4: 89.7 | G4: 8.4 | H4: 89.3 | I4: 77.8 | J4: 94 | K4: 5 | L4: 0 | M4: 2 | N4: Yes | O4: 12345 | P4: Not Placed | Q4: 88.2 | R4: =IF(Q4>=KPI!$E$4,"A",IF(Q4>=KPI!$E$5,"B",IF(Q4>=KPI!$E$6,"C",IF(Q4>=KPI!$E$7,"D","F")))) -> A | S4: =IF(P4="Placed",1,0) -> 0 | T4: =IFERROR(AVERAGE(I4:J4),0) -> 85.9 | U4: =RANK(Q4,$Q$2:$Q$251,0)+COUNTIF($Q$2:Q4,Q4)-1 -> 14 | V4: =UPPER(B4) -> STUDENT_003 | W4: =IFERROR(MID(B4,FIND("_",B4)+1,LEN(B4)),B4) -> 003
A5: STU1004 | B5: Student_004 | C5: AI-ML | D5: Female | E5: 1 | F5: 73.1 | G5: 6.1 | H5: 61.8 | I5: 61.2 | J5: 80 | K5: 5 | L5: 3 | M5: 1 | N5: No | O5: 0 | P5: Placed | Q5: 70.72 | R5: =IF(Q5>=KPI!$E$4,"A",IF(Q5>=KPI!$E$5,"B",IF(Q5>=KPI!$E$6,"C",IF(Q5>=KPI!$E$7,"D","F")))) -> C | S5: =IF(P5="Placed",1,0) -> 1 | T5: =IFERROR(AVERAGE(I5:J5),0) -> 70.6 | U5: =RANK(Q5,$Q$2:$Q$251,0)+COUNTIF($Q$2:Q5,Q5)-1 -> 179 | V5: =UPPER(B5) -> STUDENT_004 | W5: =IFERROR(MID(B5,FIND("_",B5)+1,LEN(B5)),B5) -> 004
A6: STU1005 | B6: Student_005 | C6: Computer Engineering | D6: Female | E6: 1 | G6: 4 | H6: 80.8 | I6: 51.9 | J6: 57.9 | K6: 2 | L6: 2 | M6: 0 | N6: No | O6: 0 | P6: Placed | Q6: 60.68 | R6: =IF(Q6>=KPI!$E$4,"A",IF(Q6>=KPI!$E$5,"B",IF(Q6>=KPI!$E$6,"C",IF(Q6>=KPI!$E$7,"D","F")))) -> D | S6: =IF(P6="Placed",1,0) -> 1 | T6: =IFERROR(AVERAGE(I6:J6),0) -> 54.9 | U6: =RANK(Q6,$Q$2:$Q$251,0)+COUNTIF($Q$2:Q6,Q6)-1 -> 239 | V6: =UPPER(B6) -> STUDENT_005 | W6: =IFERROR(MID(B6,FIND("_",B6)+1,LEN(B6)),B6) -> 005
A7: STU1006 | B7: Student_006 | C7: Computer Engineering | D7: Male | E7: 5 | F7: 90.7 | G7: 5.7 | H7: 82.2 | I7: 45.2 | J7: 62.7 | K7: 3 | L7: 2 | M7: 2 | N7: Yes | O7: 15558 | P7: Not Placed | Q7: 61.35 | R7: =IF(Q7>=KPI!$E$4,"A",IF(Q7>=KPI!$E$5,"B",IF(Q7>=KPI!$E$6,"C",IF(Q7>=KPI!$E$7,"D","F")))) -> D | S7: =IF(P7="Placed",1,0) -> 0 | T7: =IFERROR(AVERAGE(I7:J7),0) -> 53.95 | U7: =RANK(Q7,$Q$2:$Q$251,0)+COUNTIF($Q$2:Q7,Q7)-1 -> 235 | V7: =UPPER(B7) -> STUDENT_006 | W7: =IFERROR(MID(B7,FIND("_",B7)+1,LEN(B7)),B7) -> 006
A8: STU1007 | B8: Student_007 | C8: Computer Engineering | D8: Male | E8: 4 | F8: 73.2 | G8: 7.7 | H8: 75.7 | I8: 85.7 | J8: 84.4 | K8: 0 | L8: 0 | M8: 0 | N8: Yes | O8: 16506 | P8: Not Placed | Q8: 83.05 | R8: =IF(Q8>=KPI!$E$4,"A",IF(Q8>=KPI!$E$5,"B",IF(Q8>=KPI!$E$6,"C",IF(Q8>=KPI!$E$7,"D","F")))) -> B | S8: =IF(P8="Placed",1,0) -> 0 | T8: =IFERROR(AVERAGE(I8:J8),0) -> 85.05 | U8: =RANK(Q8,$Q$2:$Q$251,0)+COUNTIF($Q$2:Q8,Q8)-1 -> 56 | V8: =UPPER(B8) -> STUDENT_007 | W8: =IFERROR(MID(B8,FIND("_",B8)+1,LEN(B8)),B8) -> 007
A9: STU1008 | B9: Student_008 | C9: Electronics | D9: Male | E9: 5 | F9: 82.7 | G9: 7.6 | H9: 68.6 | I9: 87.5 | J9: 82.5 | K9: 0 | L9: 4 | M9: 0 | N9: No | O9: 0 | P9: Not Placed | Q9: 81.22 | R9: =IF(Q9>=KPI!$E$4,"A",IF(Q9>=KPI!$E$5,"B",IF(Q9>=KPI!$E$6,"C",IF(Q9>=KPI!$E$7,"D","F")))) -> B | S9: =IF(P9="Placed",1,0) -> 0 | T9: =IFERROR(AVERAGE(I9:J9),0) -> 85 | U9: =RANK(Q9,$Q$2:$Q$251,0)+COUNTIF($Q$2:Q9,Q9)-1 -> 69 | V9: =UPPER(B9) -> STUDENT_008 | W9: =IFERROR(MID(B9,FIND("_",B9)+1,LEN(B9)),B9) -> 008
A10: STU1009 | B10: Student_009 | C10: AI-ML | D10: Male | E10: 4 | F10: 95.7 | G10: 3 | H10: 72.6 | I10: 76.2 | J10: 71.9 | K10: 5 | L10: 1 | M10: 0 | N10: No | O10: 0 | P10: Placed | Q10: 73.33 | R10: =IF(Q10>=KPI!$E$4,"A",IF(Q10>=KPI!$E$5,"B",IF(Q10>=KPI!$E$6,"C",IF(Q10>=KPI!$E$7,"D","F")))) -> C | S10: =IF(P10="Placed",1,0) -> 1 | T10: =IFERROR(AVERAGE(I10:J10),0) -> 74.05 | U10: =RANK(Q10,$Q$2:$Q$251,0)+COUNTIF($Q$2:Q10,Q10)-1 -> 148 | V10: =UPPER(B10) -> STUDENT_009 | W10: =IFERROR(MID(B10,FIND("_",B10)+1,LEN(B10)),B10) -> 009
A11: STU1010 | B11: Student_010 | C11: Data Science | D11: Female | E11: 8 | F11: 59.9 | G11: 5.7 | H11: 70.8 | I11: 64.5 | J11: 55.4 | K11: 1 | L11: 4 | M11: 1 | N11: No | O11: 0 | P11: Not Placed | Q11: 61.21 | R11: =IF(Q11>=KPI!$E$4,"A",IF(Q11>=KPI!$E$5,"B",IF(Q11>=KPI!$E$6,"C",IF(Q11>=KPI!$E$7,"D","F")))) -> D | S11: =IF(P11="Placed",1,0) -> 0 | T11: =IFERROR(AVERAGE(I11:J11),0) -> 59.95 | U11: =RANK(Q11,$Q$2:$Q$251,0)+COUNTIF($Q$2:Q11,Q11)-1 -> 237 | V11: =UPPER(B11) -> STUDENT_010 | W11: =IFERROR(MID(B11,FIND("_",B11)+1,LEN(B11)),B11) -> 010
A12: STU1011 | B12: Student_011 | C12: Computer Engineering | D12: Male | E12: 5 | F12: 74.7 | G12: 4.5 | H12: 100 | I12: 49.3 | J12: 75.2 | K12: 5 | L12: 4 | M12: 1 | N12: No | O12: 0 | P12: Not Placed | Q12: 72.39 | R12: =IF(Q12>=KPI!$E$4,"A",IF(Q12>=KPI!$E$5,"B",IF(Q12>=KPI!$E$6,"C",IF(Q12>=KPI!$E$7,"D","F")))) -> C | S12: =IF(P12="Placed",1,0) -> 0 | T12: =IFERROR(AVERAGE(I12:J12),0) -> 62.25 | U12: =RANK(Q12,$Q$2:$Q$251,0)+COUNTIF($Q$2:Q12,Q12)-1 -> 158 | V12: =UPPER(B12) -> STUDENT_011 | W12: =IFERROR(MID(B12,FIND("_",B12)+1,LEN(B12)),B12) -> 011
A13: STU1012 | B13: Student_012 | C13: Electronics | D13: Male | E13: 5 | F13: 73.9 | G13: 6.3 | H13: 75.7 | I13: 79.9 | J13: 84.6 | K13: 5 | L13: 0 | M13: 0 | N13: No | O13: 0 | P13: Placed | Q13: 81.41 | R13: =IF(Q13>=KPI!$E$4,"A",IF(Q13>=KPI!$E$5,"B",IF(Q13>=KPI!$E$6,"C",IF(Q13>=KPI!$E$7,"D","F")))) -> B | S13: =IF(P13="Placed",1,0) -> 1 | T13: =IFERROR(AVERAGE(I13:J13),0) -> 82.25 | U13: =RANK(Q13,$Q$2:$Q$251,0)+COUNTIF($Q$2:Q13,Q13)-1 -> 67 | V13: =UPPER(B13) -> STUDENT_012 | W13: =IFERROR(MID(B13,FIND("_",B13)+1,LEN(B13)),B13) -> 012
A14: STU1013 | B14: Student_013 | C14: Data Science | D14: Female | E14: 6 | F14: 80.3 | G14: 5.5 | H14: 82.8 | I14: 56.6 | J14: 61.3 | K14: 0 | L14: 0 | M14: 2 | N14: No | O14: 0 | P14: Not Placed | Q14: 64.19 | R14: =IF(Q14>=KPI!$E$4,"A",IF(Q14>=KPI!$E$5,"B",IF(Q14>=KPI!$E$6,"C",IF(Q14>=KPI!$E$7,"D","F")))) -> D | S14: =IF(P14="Placed",1,0) -> 0 | T14: =IFERROR(AVERAGE(I14:J14),0) -> 58.95 | U14: =RANK(Q14,$Q$2:$Q$251,0)+COUNTIF($Q$2:Q14,Q14)-1 -> 222 | V14: =UPPER(B14) -> STUDENT_013 | W14: =IFERROR(MID(B14,FIND("_",B14)+1,LEN(B14)),B14) -> 013
A15: STU1014 | B15: Student_014 | C15: Computer Engineering | D15: Male | E15: 3 | F15: 81.6 | G15: 1 | H15: 99.2 | I15: 62 | J15: 81.2 | K15: 2 | L15: 0 | M15: 0 | N15: No | O15: 0 | P15: Placed | Q15: 79.04 | R15: =IF(Q15>=KPI!$E$4,"A",IF(Q15>=KPI!$E$5,"B",IF(Q15>=KPI!$E$6,"C",IF(Q15>=KPI!$E$7,"D","F")))) -> B | S15: =IF(P15="Placed",1,0) -> 1 | T15: =IFERROR(AVERAGE(I15:J15),0) -> 71.6 | U15: =RANK(Q15,$Q$2:$Q$251,0)+COUNTIF($Q$2:Q15,Q15)-1 -> 92 | V15: =UPPER(B15) -> STUDENT_014 | W15: =IFERROR(MID(B15,FIND("_",B15)+1,LEN(B15)),B15) -> 014
A16: STU1015 | B16: Student_015 | C16: Computer Engineering | D16: Male | E16: 5 | F16: 72.4 | G16: 4.2 | H16: 64.6 | I16: 63.8 | J16: 79.5 | K16: 5 | L16: 3 | M16: 0 | N16: No | O16: 0 | P16: Not Placed | Q16: 71.81 | R16: =IF(Q16>=KPI!$E$4,"A",IF(Q16>=KPI!$E$5,"B",IF(Q16>=KPI!$E$6,"C",IF(Q16>=KPI!$E$7,"D","F")))) -> C | S16: =IF(P16="Placed",1,0) -> 0 | T16: =IFERROR(AVERAGE(I16:J16),0) -> 71.65 | U16: =RANK(Q16,$Q$2:$Q$251,0)+COUNTIF($Q$2:Q16,Q16)-1 -> 163 | V16: =UPPER(B16) -> STUDENT_015 | W16: =IFERROR(MID(B16,FIND("_",B16)+1,LEN(B16)),B16) -> 015
A17: STU1016 | B17: Student_016 | C17: Computer Engineering | D17: Male | E17: 6 | F17: 76.1 | G17: 5.2 | H17: 76.5 | I17: 69.2 | J17: 70.6 | K17: 2 | L17: 4 | M17: 0 | N17: Yes | O17: 16690 | P17: Not Placed | Q17: 71.36 | R17: =IF(Q17>=KPI!$E$4,"A",IF(Q17>=KPI!$E$5,"B",IF(Q17>=KPI!$E$6,"C",IF(Q17>=KPI!$E$7,"D","F")))) -> C | S17: =IF(P17="Placed",1,0) -> 0 | T17: =IFERROR(AVERAGE(I17:J17),0) -> 69.9 | U17: =RANK(Q17,$Q$2:$Q$251,0)+COUNTIF($Q$2:Q17,Q17)-1 -> 170 | V17: =UPPER(B17) -> STUDENT_016 | W17: =IFERROR(MID(B17,FIND("_",B17)+1,LEN(B17)),B17) -> 016
A18: STU1017 | B18: Student_017 | C18: IT | D18: Male | E18: 2 | F18: 75 | G18: 2.2 | H18: 72.5 | I18: 61.4 | J18: 73.3 | K18: 2 | L18: 2 | M18: 0 | N18: No | O18: 0 | P18: Placed | Q18: 69.57 | R18: =IF(Q18>=KPI!$E$4,"A",IF(Q18>=KPI!$E$5,"B",IF(Q18>=KPI!$E$6,"C",IF(Q18>=KPI!$E$7,"D","F")))) -> C | S18: =IF(P18="Placed",1,0) -> 1 | T18: =IFERROR(AVERAGE(I18:J18),0) -> 67.35 | U18: =RANK(Q18,$Q$2:$Q$251,0)+COUNTIF($Q$2:Q18,Q18)-1 -> 194 | V18: =UPPER(B18) -> STUDENT_017 | W18: =IFERROR(MID(B18,FIND("_",B18)+1,LEN(B18)),B18) -> 017
... A24: STU1023 | B24: Student_023 | C24: IT | D24: Male | E24: 2 | F24: 74.1 | G24: 5.8 | H24: 88.9 | I24: 78.5 | J24: 84.9 | K24: 4 | L24: 4 | M24: 0 | N24: No | O24: 0 | P24: Placed | Q24: 83.78 | R24: =IF(Q24>=KPI!$E$4,"A",IF(Q24>=KPI!$E$5,"B",IF(Q24>=KPI!$E$6,"C",IF(Q24>=KPI!$E$7,"D","F")))) -> B | S24: =IF(P24="Placed",1,0) -> 1 | T24: =IFERROR(AVERAGE(I24:J24),0) -> 81.7 | U24: =RANK(Q24,$Q$2:$Q$251,0)+COUNTIF($Q$2:Q24,Q24)-1 -> 45 | V24: =UPPER(B24) -> STUDENT_023 | W24: =IFERROR(MID(B24,FIND("_",B24)+1,LEN(B24)),B24) -> 023
A25: STU1024 | B25: Student_024 | C25: IT | D25: Male | E25: 2 | F25: 82 | G25: 1.6 | H25: 84.1 | J25: 80.8 | K25: 5 | L25: 1 | M25: 0 | N25: Yes | O25: 17445 | P25: Not Placed | Q25: 87.22 | R25: =IF(Q25>=KPI!$E$4,"A",IF(Q25>=KPI!$E$5,"B",IF(Q25>=KPI!$E$6,"C",IF(Q25>=KPI!$E$7,"D","F")))) -> A | S25: =IF(P25="Placed",1,0) -> 0 | T25: =IFERROR(AVERAGE(I25:J25),0) -> 80.8 | U25: =RANK(Q25,$Q$2:$Q$251,0)+COUNTIF($Q$2:Q25,Q25)-1 -> 20 | V25: =UPPER(B25) -> STUDENT_024 | W25: =IFERROR(MID(B25,FIND("_",B25)+1,LEN(B25)),B25) -> 024
A26: STU1025 | B26: Student_025 | C26: IT | D26: Male | E26: 8 | F26: 100 | G26: 8.5 | I26: 55.6 | J26: 92.4 | K26: 0 | L26: 3 | M26: 0 | N26: Yes | O26: 5742 | P26: Not Placed | Q26: 76.8 | R26: =IF(Q26>=KPI!$E$4,"A",IF(Q26>=KPI!$E$5,"B",IF(Q26>=KPI!$E$6,"C",IF(Q26>=KPI!$E$7,"D","F")))) -> B | S26: =IF(P26="Placed",1,0) -> 0 | T26: =IFERROR(AVERAGE(I26:J26),0) -> 74 | U26: =RANK(Q26,$Q$2:$Q$251,0)+COUNTIF($Q$2:Q26,Q26)-1 -> 111 | V26: =UPPER(B26) -> STUDENT_025 | W26: =IFERROR(MID(B26,FIND("_",B26)+1,LEN(B26)),B26) -> 025
A27: STU1026 | B27: Student_026 | C27: Data Science | D27: Male | E27: 6 | F27: 91.1 | G27: 4.3 | H27: 70.2 | I27: 54.7 | J27: 82.2 | K27: 2 | L27: 3 | M27: 1 | N27: Yes | O27: 5306 | P27: Placed | Q27: 71.55 | R27: =IF(Q27>=KPI!$E$4,"A",IF(Q27>=KPI!$E$5,"B",IF(Q27>=KPI!$E$6,"C",IF(Q27>=KPI!$E$7,"D","F")))) -> C | S27: =IF(P27="Placed",1,0) -> 1 | T27: =IFERROR(AVERAGE(I27:J27),0) -> 68.45 | U27: =RANK(Q27,$Q$2:$Q$251,0)+COUNTIF($Q$2:Q27,Q27)-1 -> 168 | V27: =UPPER(B27) -> STUDENT_026 | W27: =IFERROR(MID(B27,FIND("_",B27)+1,LEN(B27)),B27) -> 026
A28: STU1027 | B28: Student_027 | C28: Computer Engineering | D28: Male | E28: 2 | F28: 78 | G28: 5 | H28: 79.6 | I28: 81.7 | J28: 93.7 | K28: 3 | L28: 1 | M28: 0 | N28: No | O28: 0 | P28: Placed | Q28: 87.28 | R28: =IF(Q28>=KPI!$E$4,"A",IF(Q28>=KPI!$E$5,"B",IF(Q28>=KPI!$E$6,"C",IF(Q28>=KPI!$E$7,"D","F")))) -> A | S28: =IF(P28="Placed",1,0) -> 1 | T28: =IFERROR(AVERAGE(I28:J28),0) -> 87.7 | U28: =RANK(Q28,$Q$2:$Q$251,0)+COUNTIF($Q$2:Q28,Q28)-1 -> 19 | V28: =UPPER(B28) -> STUDENT_027 | W28: =IFERROR(MID(B28,FIND("_",B28)+1,LEN(B28)),B28) -> 027
A29: STU1028 | B29: Student_028 | C29: AI-ML | D29: Male | E29: 3 | F29: 96.2 | G29: 5.1 | H29: 65.6 | I29: 99.3 | J29: 97.2 | K29: 0 | L29: 2 | M29: 1 | N29: Yes | O29: 16360 | P29: Placed | Q29: 91.51 | R29: =IF(Q29>=KPI!$E$4,"A",IF(Q29>=KPI!$E$5,"B",IF(Q29>=KPI!$E$6,"C",IF(Q29>=KPI!$E$7,"D","F")))) -> A | S29: =IF(P29="Placed",1,0) -> 1 | T29: =IFERROR(AVERAGE(I29:J29),0) -> 98.25 | U29: =RANK(Q29,$Q$2:$Q$251,0)+COUNTIF($Q$2:Q29,Q29)-1 -> 3 | V29: =UPPER(B29) -> STUDENT_028 | W29: =IFERROR(MID(B29,FIND("_",B29)+1,LEN(B29)),B29) -> 028
A30: STU1029 | B30: Student_029 | C30: AI-ML | D30: Male | E30: 5 | F30: 78.5 | G30: 5.9 | H30: 99.6 | I30: 68.4 | J30: 78.8 | K30: 3 | L30: 2 | M30: 2 | N30: No | O30: 0 | P30: Placed | Q30: 79.84 | R30: =IF(Q30>=KPI!$E$4,"A",IF(Q30>=KPI!$E$5,"B",IF(Q30>=KPI!$E$6,"C",IF(Q30>=KPI!$E$7,"D","F")))) -> B | S30: =IF(P30="Placed",1,0) -> 1 | T30: =IFERROR(AVERAGE(I30:J30),0) -> 73.6 | U30: =RANK(Q30,$Q$2:$Q$251,0)+COUNTIF($Q$2:Q30,Q30)-1 -> 84 | V30: =UPPER(B30) -> STUDENT_029 | W30: =IFERROR(MID(B30,FIND("_",B30)+1,LEN(B30)),B30) -> 029
A31: STU1030 | B31: Student_030 | C31: Computer Engineering | D31: Male | E31: 5 | F31: 76 | G31: 2.1 | H31: 80.7 | I31: 96.2 | J31: 88.7 | K31: 2 | L31: 3 | M31: 0 | N31: Yes | O31: 11519 | P31: Placed | Q31: 89.35 | R31: =IF(Q31>=KPI!$E$4,"A",IF(Q31>=KPI!$E$5,"B",IF(Q31>=KPI!$E$6,"C",IF(Q31>=KPI!$E$7,"D","F")))) -> A | S31: =IF(P31="Placed",1,0) -> 1 | T31: =IFERROR(AVERAGE(I31:J31),0) -> 92.45 | U31: =RANK(Q31,$Q$2:$Q$251,0)+COUNTIF($Q$2:Q31,Q31)-1 -> 9 | V31: =UPPER(B31) -> STUDENT_030 | W31: =IFERROR(MID(B31,FIND("_",B31)+1,LEN(B31)),B31) -> 030
A32: STU1031 | B32: Student_031 | C32: AI-ML | D32: Male | E32: 7 | F32: 94.6 | G32: 4.8 | H32: 81.1 | I32: 73.4 | J32: 81.8 | K32: 3 | L32: 3 | M32: 1 | N32: No | O32: 0 | P32: Placed | Q32: 79.14 | R32: =IF(Q32>=KPI!$E$4,"A",IF(Q32>=KPI!$E$5,"B",IF(Q32>=KPI!$E$6,"C",IF(Q32>=KPI!$E$7,"D","F")))) -> B | S32: =IF(P32="Placed",1,0) -> 1 | T32: =IFERROR(AVERAGE(I32:J32),0) -> 77.6 | U32: =RANK(Q32,$Q$2:$Q$251,0)+COUNTIF($Q$2:Q32,Q32)-1 -> 91 | V32: =UPPER(B32) -> STUDENT_031 | W32: =IFERROR(MID(B32,FIND("_",B32)+1,LEN(B32)),B32) -> 031
A33: STU1032 | B33: Student_032 | C33: Computer Engineering | D33: Female | E33: 8 | F33: 70.2 | G33: 3.6 | H33: 84.9 | I33: 62.5 | J33: 79.8 | K33: 5 | L33: 0 | M33: 0 | N33: No | O33: 0 | P33: Placed | Q33: 75.63 | R33: =IF(Q33>=KPI!$E$4,"A",IF(Q33>=KPI!$E$5,"B",IF(Q33>=KPI!$E$6,"C",IF(Q33>=KPI!$E$7,"D","F")))) -> B | S33: =IF(P33="Placed",1,0) -> 1 | T33: =IFERROR(AVERAGE(I33:J33),0) -> 71.15 | U33: =RANK(Q33,$Q$2:$Q$251,0)+COUNTIF($Q$2:Q33,Q33)-1 -> 124 | V33: =UPPER(B33) -> STUDENT_032 | W33: =IFERROR(MID(B33,FIND("_",B33)+1,LEN(B33)),B33) -> 032
A34: STU1033 | B34: Student_033 | C34: Computer Engineering | D34: Female | E34: 1 | F34: 64.8 | G34: 1.8 | H34: 68.5 | I34: 58.1 | J34: 67.6 | K34: 5 | L34: 2 | M34: 1 | N34: No | O34: 0 | P34: Placed | Q34: 64.93 | R34: =IF(Q34>=KPI!$E$4,"A",IF(Q34>=KPI!$E$5,"B",IF(Q34>=KPI!$E$6,"C",IF(Q34>=KPI!$E$7,"D","F")))) -> D | S34: =IF(P34="Placed",1,0) -> 1 | T34: =IFERROR(AVERAGE(I34:J34),0) -> 62.85 | U34: =RANK(Q34,$Q$2:$Q$251,0)+COUNTIF($Q$2:Q34,Q34)-1 -> 212 | V34: =UPPER(B34) -> STUDENT_033 | W34: =IFERROR(MID(B34,FIND("_",B34)+1,LEN(B34)),B34) -> 033
A35: STU1034 | B35: Student_034 | C35: Electronics | D35: Female | E35: 6 | F35: 90.5 | G35: 6.6 | H35: 90.2 | I35: 80.8 | J35: 85.7 | K35: 4 | L35: 1 | M35: 0 | N35: No | O35: 0 | P35: Placed | Q35: 85.13 | R35: =IF(Q35>=KPI!$E$4,"A",IF(Q35>=KPI!$E$5,"B",IF(Q35>=KPI!$E$6,"C",IF(Q35>=KPI!$E$7,"D","F")))) -> A | S35: =IF(P35="Placed",1,0) -> 1 | T35: =IFERROR(AVERAGE(I35:J35),0) -> 83.25 | U35: =RANK(Q35,$Q$2:$Q$251,0)+COUNTIF($Q$2:Q35,Q35)-1 -> 34 | V35: =UPPER(B35) -> STUDENT_034 | W35: =IFERROR(MID(B35,FIND("_",B35)+1,LEN(B35)),B35) -> 034
A36: STU1035 | B36: Student_035 | C36: Electronics | D36: Male | E36: 1 | F36: 82.2 | G36: 4.2 | H36: 77.5 | I36: 59.2 | J36: 77.5 | K36: 4 | L36: 2 | M36: 0 | N36: No | O36: 0 | P36: Placed | Q36: 72.01 | R36: =IF(Q36>=KPI!$E$4,"A",IF(Q36>=KPI!$E$5,"B",IF(Q36>=KPI!$E$6,"C",IF(Q36>=KPI!$E$7,"D","F")))) -> C | S36: =IF(P36="Placed",1,0) -> 1 | T36: =IFERROR(AVERAGE(I36:J36),0) -> 68.35 | U36: =RANK(Q36,$Q$2:$Q$251,0)+COUNTIF($Q$2:Q36,Q36)-1 -> 162 | V36: =UPPER(B36) -> STUDENT_035 | W36: =IFERROR(MID(B36,FIND("_",B36)+1,LEN(B36)),B36) -> 035
A37: STU1036 | B37: Student_036 | C37: Data Science | D37: Female | E37: 2 | F37: 83.1 | G37: 5.2 | H37: 88.4 | I37: 73.1 | J37: 86.8 | K37: 3 | L37: 0 | M37: 0 | N37: No | O37: 0 | P37: Placed | Q37: 83.01 | R37: =IF(Q37>=KPI!$E$4,"A",IF(Q37>=KPI!$E$5,"B",IF(Q37>=KPI!$E$6,"C",IF(Q37>=KPI!$E$7,"D","F")))) -> B | S37: =IF(P37="Placed",1,0) -> 1 | T37: =IFERROR(AVERAGE(I37:J37),0) -> 79.95 | U37: =RANK(Q37,$Q$2:$Q$251,0)+COUNTIF($Q$2:Q37,Q37)-1 -> 57 | V37: =UPPER(B37) -> STUDENT_036 | W37: =IFERROR(MID(B37,FIND("_",B37)+1,LEN(B37)),B37) -> 036
A38: STU1037 | B38: Student_037 | C38: IT | D38: Female | E38: 8 | F38: 78.7 | G38: 5.1 | H38: 73.4 | I38: 94.2 | J38: 67.3 | K38: 0 | L38: 3 | M38: 0 | N38: Yes | O38: 6555 | P38: Not Placed | Q38: 76.59 | R38: =IF(Q38>=KPI!$E$4,"A",IF(Q38>=KPI!$E$5,"B",IF(Q38>=KPI!$E$6,"C",IF(Q38>=KPI!$E$7,"D","F")))) -> B | S38: =IF(P38="Placed",1,0) -> 0 | T38: =IFERROR(AVERAGE(I38:J38),0) -> 80.75 | U38: =RANK(Q38,$Q$2:$Q$251,0)+COUNTIF($Q$2:Q38,Q38)-1 -> 115 | V38: =UPPER(B38) -> STUDENT_037 | W38: =IFERROR(MID(B38,FIND("_",B38)+1,LEN(B38)),B38) -> 037
... A61: STU1060 | B61: Student_060 | C61: IT | D61: Female | E61: 4 | F61: 73 | G61: 4.7 | H61: 64.3 | I61: 49.6 | J61: 67.8 | K61: 5 | L61: 4 | M61: 0 | N61: No | O61: 0 | P61: Not Placed | Q61: 61.64 | R61: =IF(Q61>=KPI!$E$4,"A",IF(Q61>=KPI!$E$5,"B",IF(Q61>=KPI!$E$6,"C",IF(Q61>=KPI!$E$7,"D","F")))) -> D | S61: =IF(P61="Placed",1,0) -> 0 | T61: =IFERROR(AVERAGE(I61:J61),0) -> 58.7 | U61: =RANK(Q61,$Q$2:$Q$251,0)+COUNTIF($Q$2:Q61,Q61)-1 -> 234 | V61: =UPPER(B61) -> STUDENT_060 | W61: =IFERROR(MID(B61,FIND("_",B61)+1,LEN(B61)),B61) -> 060
A62: STU1061 | B62: Student_061 | C62: IT | D62: Female | E62: 1 | F62: 84.5 | G62: 6.3 | H62: 55.7 | J62: 75.2 | K62: 0 | L62: 1 | M62: 2 | N62: No | O62: 0 | P62: Not Placed | Q62: 78.74 | R62: =IF(Q62>=KPI!$E$4,"A",IF(Q62>=KPI!$E$5,"B",IF(Q62>=KPI!$E$6,"C",IF(Q62>=KPI!$E$7,"D","F")))) -> B | S62: =IF(P62="Placed",1,0) -> 0 | T62: =IFERROR(AVERAGE(I62:J62),0) -> 75.2 | U62: =RANK(Q62,$Q$2:$Q$251,0)+COUNTIF($Q$2:Q62,Q62)-1 -> 95 | V62: =UPPER(B62) -> STUDENT_061 | W62: =IFERROR(MID(B62,FIND("_",B62)+1,LEN(B62)),B62) -> 061
A63: STU1062 | B63: Student_062 | C63: Computer Engineering | D63: Female | E63: 5 | F63: 57.3 | G63: 5 | H63: 100 | I63: 56.2 | J63: 72.9 | K63: 4 | L63: 3 | M63: 1 | N63: No | O63: 0 | P63: Not Placed | Q63: 73.31 | R63: =IF(Q63>=KPI!$E$4,"A",IF(Q63>=KPI!$E$5,"B",IF(Q63>=KPI!$E$6,"C",IF(Q63>=KPI!$E$7,"D","F")))) -> C | S63: =IF(P63="Placed",1,0) -> 0 | T63: =IFERROR(AVERAGE(I63:J63),0) -> 64.55 | U63: =RANK(Q63,$Q$2:$Q$251,0)+COUNTIF($Q$2:Q63,Q63)-1 -> 149 | V63: =UPPER(B63) -> STUDENT_062 | W63: =IFERROR(MID(B63,FIND("_",B63)+1,LEN(B63)),B63) -> 062
A64: STU1063 | B64: Student_063 | C64: Data Science | D64: Female | E64: 7 | F64: 77.9 | G64: 5.6 | H64: 74.6 | I64: 83.7 | J64: 90.3 | K64: 5 | L64: 3 | M64: 0 | N64: Yes | O64: 15120 | P64: Placed | Q64: 85.18 | R64: =IF(Q64>=KPI!$E$4,"A",IF(Q64>=KPI!$E$5,"B",IF(Q64>=KPI!$E$6,"C",IF(Q64>=KPI!$E$7,"D","F")))) -> A | S64: =IF(P64="Placed",1,0) -> 1 | T64: =IFERROR(AVERAGE(I64:J64),0) -> 87 | U64: =RANK(Q64,$Q$2:$Q$251,0)+COUNTIF($Q$2:Q64,Q64)-1 -> 33 | V64: =UPPER(B64) -> STUDENT_063 | W64: =IFERROR(MID(B64,FIND("_",B64)+1,LEN(B64)),B64) -> 063
A65: STU1064 | B65: Student_064 | C65: IT | D65: Male | E65: 5 | F65: 79.2 | G65: 4.4 | H65: 99.2 | I65: 72.4 | J65: 80.7 | K65: 0 | L65: 0 | M65: 0 | N65: No | O65: 0 | P65: Placed | Q65: 81.91 | R65: =IF(Q65>=KPI!$E$4,"A",IF(Q65>=KPI!$E$5,"B",IF(Q65>=KPI!$E$6,"C",IF(Q65>=KPI!$E$7,"D","F")))) -> B | S65: =IF(P65="Placed",1,0) -> 1 | T65: =IFERROR(AVERAGE(I65:J65),0) -> 76.55 | U65: =RANK(Q65,$Q$2:$Q$251,0)+COUNTIF($Q$2:Q65,Q65)-1 -> 63 | V65: =UPPER(B65) -> STUDENT_064 | W65: =IFERROR(MID(B65,FIND("_",B65)+1,LEN(B65)),B65) -> 064
A66: STU1065 | B66: Student_065 | C66: IT | D66: Male | E66: 6 | F66: 68.3 | G66: 6.8 | H66: 54.8 | I66: 75.5 | J66: 72.4 | K66: 5 | L66: 3 | M66: 2 | N66: Yes | O66: 13283 | P66: Not Placed | Q66: 69.81 | R66: =IF(Q66>=KPI!$E$4,"A",IF(Q66>=KPI!$E$5,"B",IF(Q66>=KPI!$E$6,"C",IF(Q66>=KPI!$E$7,"D","F")))) -> C | S66: =IF(P66="Placed",1,0) -> 0 | T66: =IFERROR(AVERAGE(I66:J66),0) -> 73.95 | U66: =RANK(Q66,$Q$2:$Q$251,0)+COUNTIF($Q$2:Q66,Q66)-1 -> 189 | V66: =UPPER(B66) -> STUDENT_065 | W66: =IFERROR(MID(B66,FIND("_",B66)+1,LEN(B66)),B66) -> 065
A67: STU1066 | B67: Student_066 | C67: AI-ML | D67: Male | E67: 3 | F67: 89.2 | H67: 68.6 | I67: 72 | J67: 79.6 | K67: 3 | L67: 0 | M67: 0 | N67: No | O67: 0 | P67: Placed | Q67: 75.12 | R67: =IF(Q67>=KPI!$E$4,"A",IF(Q67>=KPI!$E$5,"B",IF(Q67>=KPI!$E$6,"C",IF(Q67>=KPI!$E$7,"D","F")))) -> B | S67: =IF(P67="Placed",1,0) -> 1 | T67: =IFERROR(AVERAGE(I67:J67),0) -> 75.8 | U67: =RANK(Q67,$Q$2:$Q$251,0)+COUNTIF($Q$2:Q67,Q67)-1 -> 129 | V67: =UPPER(B67) -> STUDENT_066 | W67: =IFERROR(MID(B67,FIND("_",B67)+1,LEN(B67)),B67) -> 066
A68: STU1067 | B68: Student_067 | C68: Computer Engineering | D68: Female | E68: 5 | F68: 71.7 | G68: 4 | H68: 86.4 | I68: 66.6 | J68: 72.6 | K68: 2 | L68: 4 | M68: 2 | N68: No | O68: 0 | P68: Placed | Q68: 73.56 | R68: =IF(Q68>=KPI!$E$4,"A",IF(Q68>=KPI!$E$5,"B",IF(Q68>=KPI!$E$6,"C",IF(Q68>=KPI!$E$7,"D","F")))) -> C | S68: =IF(P68="Placed",1,0) -> 1 | T68: =IFERROR(AVERAGE(I68:J68),0) -> 69.6 | U68: =RANK(Q68,$Q$2:$Q$251,0)+COUNTIF($Q$2:Q68,Q68)-1 -> 145 | V68: =UPPER(B68) -> STUDENT_067 | W68: =IFERROR(MID(B68,FIND("_",B68)+1,LEN(B68)),B68) -> 067
A69: STU1068 | B69: Student_068 | C69: Data Science | D69: Female | E69: 7 | F69: 84.4 | G69: 6.4 | H69: 78.3 | I69: 78.5 | J69: 94.3 | K69: 2 | L69: 1 | M69: 3 | N69: No | O69: 0 | P69: Not Placed | Q69: 86.36 | R69: =IF(Q69>=KPI!$E$4,"A",IF(Q69>=KPI!$E$5,"B",IF(Q69>=KPI!$E$6,"C",IF(Q69>=KPI!$E$7,"D","F")))) -> A | S69: =IF(P69="Placed",1,0) -> 0 | T69: =IFERROR(AVERAGE(I69:J69),0) -> 86.4 | U69: =RANK(Q69,$Q$2:$Q$251,0)+COUNTIF($Q$2:Q69,Q69)-1 -> 24 | V69: =UPPER(B69) -> STUDENT_068 | W69: =IFERROR(MID(B69,FIND("_",B69)+1,LEN(B69)),B69) -> 068
A70: STU1069 | B70: Student_069 | C70: Computer Engineering | D70: Female | E70: 5 | F70: 100 | G70: 2.3 | H70: 82.9 | I70: 65.9 | J70: 67.2 | K70: 5 | L70: 4 | M70: 0 | N70: Yes | O70: 11331 | P70: Placed | Q70: 69.95 | R70: =IF(Q70>=KPI!$E$4,"A",IF(Q70>=KPI!$E$5,"B",IF(Q70>=KPI!$E$6,"C",IF(Q70>=KPI!$E$7,"D","F")))) -> C | S70: =IF(P70="Placed",1,0) -> 1 | T70: =IFERROR(AVERAGE(I70:J70),0) -> 66.55 | U70: =RANK(Q70,$Q$2:$Q$251,0)+COUNTIF($Q$2:Q70,Q70)-1 -> 186 | V70: =UPPER(B70) -> STUDENT_069 | W70: =IFERROR(MID(B70,FIND("_",B70)+1,LEN(B70)),B70) -> 069
A71: STU1070 | B71: Student_070 | C71: Electronics | D71: Female | E71: 5 | F71: 67.5 | G71: 5.7 | H71: 59.7 | I71: 88.3 | J71: 79.2 | K71: 1 | L71: 2 | M71: 0 | N71: No | O71: 0 | P71: Not Placed | Q71: 78.03 | R71: =IF(Q71>=KPI!$E$4,"A",IF(Q71>=KPI!$E$5,"B",IF(Q71>=KPI!$E$6,"C",IF(Q71>=KPI!$E$7,"D","F")))) -> B | S71: =IF(P71="Placed",1,0) -> 0 | T71: =IFERROR(AVERAGE(I71:J71),0) -> 83.75 | U71: =RANK(Q71,$Q$2:$Q$251,0)+COUNTIF($Q$2:Q71,Q71)-1 -> 97 | V71: =UPPER(B71) -> STUDENT_070 | W71: =IFERROR(MID(B71,FIND("_",B71)+1,LEN(B71)),B71) -> 070
A72: STU1071 | B72: Student_071 | C72: Data Science | D72: Male | E72: 5 | F72: 80.7 | G72: 2.9 | H72: 93.9 | I72: 80 | J72: 82.9 | K72: 4 | L72: 2 | M72: 2 | N72: No | O72: 0 | P72: Not Placed | Q72: 84.23 | R72: =IF(Q72>=KPI!$E$4,"A",IF(Q72>=KPI!$E$5,"B",IF(Q72>=KPI!$E$6,"C",IF(Q72>=KPI!$E$7,"D","F")))) -> B | S72: =IF(P72="Placed",1,0) -> 0 | T72: =IFERROR(AVERAGE(I72:J72),0) -> 81.45 | U72: =RANK(Q72,$Q$2:$Q$251,0)+COUNTIF($Q$2:Q72,Q72)-1 -> 40 | V72: =UPPER(B72) -> STUDENT_071 | W72: =IFERROR(MID(B72,FIND("_",B72)+1,LEN(B72)),B72) -> 071
A73: STU1072 | B73: Student_072 | C73: Computer Engineering | D73: Male | E73: 2 | F73: 78.3 | G73: 7.1 | H73: 86.1 | I73: 80.4 | J73: 84.9 | K73: 4 | L73: 2 | M73: 1 | N73: No | O73: 0 | P73: Placed | Q73: 83.79 | R73: =IF(Q73>=KPI!$E$4,"A",IF(Q73>=KPI!$E$5,"B",IF(Q73>=KPI!$E$6,"C",IF(Q73>=KPI!$E$7,"D","F")))) -> B | S73: =IF(P73="Placed",1,0) -> 1 | T73: =IFERROR(AVERAGE(I73:J73),0) -> 82.65 | U73: =RANK(Q73,$Q$2:$Q$251,0)+COUNTIF($Q$2:Q73,Q73)-1 -> 44 | V73: =UPPER(B73) -> STUDENT_072 | W73: =IFERROR(MID(B73,FIND("_",B73)+1,LEN(B73)),B73) -> 072
A74: STU1073 | B74: Student_073 | C74: Computer Engineering | D74: Male | E74: 2 | F74: 76.6 | G74: 4.3 | H74: 81.2 | I74: 64.9 | J74: 53.3 | K74: 4 | L74: 4 | M74: 0 | N74: No | O74: 0 | P74: Not Placed | Q74: 62.36 | R74: =IF(Q74>=KPI!$E$4,"A",IF(Q74>=KPI!$E$5,"B",IF(Q74>=KPI!$E$6,"C",IF(Q74>=KPI!$E$7,"D","F")))) -> D | S74: =IF(P74="Placed",1,0) -> 0 | T74: =IFERROR(AVERAGE(I74:J74),0) -> 59.1 | U74: =RANK(Q74,$Q$2:$Q$251,0)+COUNTIF($Q$2:Q74,Q74)-1 -> 231 | V74: =UPPER(B74) -> STUDENT_073 | W74: =IFERROR(MID(B74,FIND("_",B74)+1,LEN(B74)),B74) -> 073
A75: STU1074 | B75: Student_074 | C75: Data Science | D75: Female | E75: 3 | F75: 88.8 | G75: 5 | H75: 67.1 | I75: 68.7 | J75: 74.3 | K75: 3 | L75: 3 | M75: 0 | N75: Yes | O75: 15336 | P75: Placed | Q75: 71.18 | R75: =IF(Q75>=KPI!$E$4,"A",IF(Q75>=KPI!$E$5,"B",IF(Q75>=KPI!$E$6,"C",IF(Q75>=KPI!$E$7,"D","F")))) -> C | S75: =IF(P75="Placed",1,0) -> 1 | T75: =IFERROR(AVERAGE(I75:J75),0) -> 71.5 | U75: =RANK(Q75,$Q$2:$Q$251,0)+COUNTIF($Q$2:Q75,Q75)-1 -> 172 | V75: =UPPER(B75) -> STUDENT_074 | W75: =IFERROR(MID(B75,FIND("_",B75)+1,LEN(B75)),B75) -> 074
A76: STU1075 | B76: Student_075 | C76: Data Science | D76: Male | E76: 1 | F76: 92 | G76: 5.5 | H76: 80.2 | I76: 55.4 | J76: 80.7 | K76: 4 | L76: 1 | M76: 0 | N76: Yes | O76: 19596 | P76: Placed | Q76: 73.01 | R76: =IF(Q76>=KPI!$E$4,"A",IF(Q76>=KPI!$E$5,"B",IF(Q76>=KPI!$E$6,"C",IF(Q76>=KPI!$E$7,"D","F")))) -> C | S76: =IF(P76="Placed",1,0) -> 1 | T76: =IFERROR(AVERAGE(I76:J76),0) -> 68.05 | U76: =RANK(Q76,$Q$2:$Q$251,0)+COUNTIF($Q$2:Q76,Q76)-1 -> 153 | V76: =UPPER(B76) -> STUDENT_075 | W76: =IFERROR(MID(B76,FIND("_",B76)+1,LEN(B76)),B76) -> 075
A77: STU1076 | B77: Student_076 | C77: Data Science | D77: Male | E77: 5 | F77: 88.9 | G77: 1.3 | H77: 72.2 | I77: 67.1 | J77: 74.1 | K77: 2 | L77: 2 | M77: 2 | N77: Yes | O77: 6093 | P77: Not Placed | Q77: 71.62 | R77: =IF(Q77>=KPI!$E$4,"A",IF(Q77>=KPI!$E$5,"B",IF(Q77>=KPI!$E$6,"C",IF(Q77>=KPI!$E$7,"D","F")))) -> C | S77: =IF(P77="Placed",1,0) -> 0 | T77: =IFERROR(AVERAGE(I77:J77),0) -> 70.6 | U77: =RANK(Q77,$Q$2:$Q$251,0)+COUNTIF($Q$2:Q77,Q77)-1 -> 166 | V77: =UPPER(B77) -> STUDENT_076 | W77: =IFERROR(MID(B77,FIND("_",B77)+1,LEN(B77)),B77) -> 076
A78: STU1077 | B78: Student_077 | C78: Data Science | D78: Male | E78: 6 | F78: 75.5 | G78: 3.6 | H78: 54.5 | I78: 57.5 | J78: 64.3 | K78: 3 | L78: 2 | M78: 2 | N78: No | O78: 0 | P78: Not Placed | Q78: 60.3 | R78: =IF(Q78>=KPI!$E$4,"A",IF(Q78>=KPI!$E$5,"B",IF(Q78>=KPI!$E$6,"C",IF(Q78>=KPI!$E$7,"D","F")))) -> D | S78: =IF(P78="Placed",1,0) -> 0 | T78: =IFERROR(AVERAGE(I78:J78),0) -> 60.9 | U78: =RANK(Q78,$Q$2:$Q$251,0)+COUNTIF($Q$2:Q78,Q78)-1 -> 240 | V78: =UPPER(B78) -> STUDENT_077 | W78: =IFERROR(MID(B78,FIND("_",B78)+1,LEN(B78)),B78) -> 077
A79: STU1078 | B79: Student_078 | C79: Computer Engineering | D79: Male | E79: 1 | F79: 100 | G79: 6.7 | H79: 75.3 | I79: 90.4 | J79: 85.2 | K79: 0 | L79: 2 | M79: 1 | N79: Yes | O79: 11071 | P79: Not Placed | Q79: 84.78 | R79: =IF(Q79>=KPI!$E$4,"A",IF(Q79>=KPI!$E$5,"B",IF(Q79>=KPI!$E$6,"C",IF(Q79>=KPI!$E$7,"D","F")))) -> B | S79: =IF(P79="Placed",1,0) -> 0 | T79: =IFERROR(AVERAGE(I79:J79),0) -> 87.8 | U79: =RANK(Q79,$Q$2:$Q$251,0)+COUNTIF($Q$2:Q79,Q79)-1 -> 38 | V79: =UPPER(B79) -> STUDENT_078 | W79: =IFERROR(MID(B79,FIND("_",B79)+1,LEN(B79)),B79) -> 078
... A88: STU1087 | B88: Student_087 | C88: Data Science | D88: Male | E88: 1 | F88: 76.6 | G88: 3.9 | H88: 86.5 | I88: 36.6 | J88: 55.3 | K88: 1 | L88: 1 | M88: 0 | N88: No | O88: 0 | P88: Placed | Q88: 55.93 | R88: =IF(Q88>=KPI!$E$4,"A",IF(Q88>=KPI!$E$5,"B",IF(Q88>=KPI!$E$6,"C",IF(Q88>=KPI!$E$7,"D","F")))) -> D | S88: =IF(P88="Placed",1,0) -> 1 | T88: =IFERROR(AVERAGE(I88:J88),0) -> 45.95 | U88: =RANK(Q88,$Q$2:$Q$251,0)+COUNTIF($Q$2:Q88,Q88)-1 -> 247 | V88: =UPPER(B88) -> STUDENT_087 | W88: =IFERROR(MID(B88,FIND("_",B88)+1,LEN(B88)),B88) -> 087
A89: STU1088 | B89: Student_088 | C89: AI-ML | D89: Male | E89: 8 | F89: 87.3 | G89: 1 | H89: 59.8 | J89: 60.8 | K89: 0 | L89: 4 | M89: 0 | N89: No | O89: 0 | P89: Placed | Q89: 64.23 | R89: =IF(Q89>=KPI!$E$4,"A",IF(Q89>=KPI!$E$5,"B",IF(Q89>=KPI!$E$6,"C",IF(Q89>=KPI!$E$7,"D","F")))) -> D | S89: =IF(P89="Placed",1,0) -> 1 | T89: =IFERROR(AVERAGE(I89:J89),0) -> 60.8 | U89: =RANK(Q89,$Q$2:$Q$251,0)+COUNTIF($Q$2:Q89,Q89)-1 -> 221 | V89: =UPPER(B89) -> STUDENT_088 | W89: =IFERROR(MID(B89,FIND("_",B89)+1,LEN(B89)),B89) -> 088
A90: STU1089 | B90: Student_089 | C90: Electronics | D90: Female | E90: 8 | F90: 79.1 | G90: 6.5 | H90: 90.4 | I90: 66.8 | J90: 79.4 | K90: 4 | L90: 4 | M90: 1 | N90: Yes | O90: 7490 | P90: Placed | Q90: 77.82 | R90: =IF(Q90>=KPI!$E$4,"A",IF(Q90>=KPI!$E$5,"B",IF(Q90>=KPI!$E$6,"C",IF(Q90>=KPI!$E$7,"D","F")))) -> B | S90: =IF(P90="Placed",1,0) -> 1 | T90: =IFERROR(AVERAGE(I90:J90),0) -> 73.1 | U90: =RANK(Q90,$Q$2:$Q$251,0)+COUNTIF($Q$2:Q90,Q90)-1 -> 101 | V90: =UPPER(B90) -> STUDENT_089 | W90: =IFERROR(MID(B90,FIND("_",B90)+1,LEN(B90)),B90) -> 089
A91: STU1090 | B91: Student_090 | C91: IT | D91: Female | E91: 2 | F91: 79.1 | G91: 5.4 | H91: 66.8 | I91: 58.1 | J91: 80.4 | K91: 3 | L91: 1 | M91: 4 | N91: No | O91: 0 | P91: Not Placed | Q91: 70.99 | R91: =IF(Q91>=KPI!$E$4,"A",IF(Q91>=KPI!$E$5,"B",IF(Q91>=KPI!$E$6,"C",IF(Q91>=KPI!$E$7,"D","F")))) -> C | S91: =IF(P91="Placed",1,0) -> 0 | T91: =IFERROR(AVERAGE(I91:J91),0) -> 69.25 | U91: =RANK(Q91,$Q$2:$Q$251,0)+COUNTIF($Q$2:Q91,Q91)-1 -> 175 | V91: =UPPER(B91) -> STUDENT_090 | W91: =IFERROR(MID(B91,FIND("_",B91)+1,LEN(B91)),B91) -> 090
A92: STU1091 | B92: Student_091 | C92: Computer Engineering | D92: Male | E92: 4 | F92: 86.9 | G92: 1.8 | H92: 55.8 | I92: 79.1 | J92: 66.8 | K92: 5 | L92: 3 | M92: 0 | N92: No | O92: 0 | P92: Placed | Q92: 68.29 | R92: =IF(Q92>=KPI!$E$4,"A",IF(Q92>=KPI!$E$5,"B",IF(Q92>=KPI!$E$6,"C",IF(Q92>=KPI!$E$7,"D","F")))) -> C | S92: =IF(P92="Placed",1,0) -> 1 | T92: =IFERROR(AVERAGE(I92:J92),0) -> 72.95 | U92: =RANK(Q92,$Q$2:$Q$251,0)+COUNTIF($Q$2:Q92,Q92)-1 -> 199 | V92: =UPPER(B92) -> STUDENT_091 | W92: =IFERROR(MID(B92,FIND("_",B92)+1,LEN(B92)),B92) -> 091
A93: STU1092 | B93: Student_092 | C93: Data Science | D93: Female | E93: 7 | F93: 91.3 | G93: 1.6 | H93: 72.5 | I93: 72.8 | J93: 72.2 | K93: 3 | L93: 4 | M93: 0 | N93: No | O93: 0 | P93: Placed | Q93: 72.44 | R93: =IF(Q93>=KPI!$E$4,"A",IF(Q93>=KPI!$E$5,"B",IF(Q93>=KPI!$E$6,"C",IF(Q93>=KPI!$E$7,"D","F")))) -> C | S93: =IF(P93="Placed",1,0) -> 1 | T93: =IFERROR(AVERAGE(I93:J93),0) -> 72.5 | U93: =RANK(Q93,$Q$2:$Q$251,0)+COUNTIF($Q$2:Q93,Q93)-1 -> 157 | V93: =UPPER(B93) -> STUDENT_092 | W93: =IFERROR(MID(B93,FIND("_",B93)+1,LEN(B93)),B93) -> 092
A94: STU1093 | B94: Student_093 | C94: Data Science | D94: Female | E94: 8 | F94: 62.1 | G94: 3.2 | H94: 48.8 | I94: 46.8 | J94: 52.8 | K94: 5 | L94: 2 | M94: 0 | N94: Yes | O94: 11294 | P94: Placed | Q94: 50.2 | R94: =IF(Q94>=KPI!$E$4,"A",IF(Q94>=KPI!$E$5,"B",IF(Q94>=KPI!$E$6,"C",IF(Q94>=KPI!$E$7,"D","F")))) -> D | S94: =IF(P94="Placed",1,0) -> 1 | T94: =IFERROR(AVERAGE(I94:J94),0) -> 49.8 | U94: =RANK(Q94,$Q$2:$Q$251,0)+COUNTIF($Q$2:Q94,Q94)-1 -> 248 | V94: =UPPER(B94) -> STUDENT_093 | W94: =IFERROR(MID(B94,FIND("_",B94)+1,LEN(B94)),B94) -> 093
A95: STU1094 | B95: Student_094 | C95: AI-ML | D95: Female | E95: 7 | F95: 85.2 | G95: 6.2 | I95: 62.9 | J95: 69.7 | K95: 0 | L95: 3 | M95: 2 | N95: Yes | O95: 17720 | P95: Placed | Q95: 69.58 | R95: =IF(Q95>=KPI!$E$4,"A",IF(Q95>=KPI!$E$5,"B",IF(Q95>=KPI!$E$6,"C",IF(Q95>=KPI!$E$7,"D","F")))) -> C | S95: =IF(P95="Placed",1,0) -> 1 | T95: =IFERROR(AVERAGE(I95:J95),0) -> 66.3 | U95: =RANK(Q95,$Q$2:$Q$251,0)+COUNTIF($Q$2:Q95,Q95)-1 -> 193 | V95: =UPPER(B95) -> STUDENT_094 | W95: =IFERROR(MID(B95,FIND("_",B95)+1,LEN(B95)),B95) -> 094
A96: STU1095 | B96: Student_095 | C96: Data Science | D96: Female | E96: 2 | G96: 4.3 | H96: 72.6 | I96: 31.6 | J96: 44.6 | K96: 2 | L96: 1 | M96: 0 | N96: No | O96: 0 | P96: Not Placed | Q96: 46.3 | R96: =IF(Q96>=KPI!$E$4,"A",IF(Q96>=KPI!$E$5,"B",IF(Q96>=KPI!$E$6,"C",IF(Q96>=KPI!$E$7,"D","F")))) -> F | S96: =IF(P96="Placed",1,0) -> 0 | T96: =IFERROR(AVERAGE(I96:J96),0) -> 38.1 | U96: =RANK(Q96,$Q$2:$Q$251,0)+COUNTIF($Q$2:Q96,Q96)-1 -> 249 | V96: =UPPER(B96) -> STUDENT_095 | W96: =IFERROR(MID(B96,FIND("_",B96)+1,LEN(B96)),B96) -> 095
A97: STU1096 | B97: Student_096 | C97: IT | D97: Male | E97: 2 | F97: 90.5 | G97: 3.4 | H97: 92 | I97: 76.1 | J97: 75 | K97: 1 | L97: 3 | M97: 0 | N97: Yes | O97: 15534 | P97: Placed | Q97: 78.73 | R97: =IF(Q97>=KPI!$E$4,"A",IF(Q97>=KPI!$E$5,"B",IF(Q97>=KPI!$E$6,"C",IF(Q97>=KPI!$E$7,"D","F")))) -> B | S97: =IF(P97="Placed",1,0) -> 1 | T97: =IFERROR(AVERAGE(I97:J97),0) -> 75.55 | U97: =RANK(Q97,$Q$2:$Q$251,0)+COUNTIF($Q$2:Q97,Q97)-1 -> 96 | V97: =UPPER(B97) -> STUDENT_096 | W97: =IFERROR(MID(B97,FIND("_",B97)+1,LEN(B97)),B97) -> 096
A98: STU1097 | B98: Student_097 | C98: AI-ML | D98: Male | E98: 2 | F98: 79.7 | G98: 3 | H98: 84.4 | I98: 76 | J98: 79 | K98: 3 | L98: 0 | M98: 1 | N98: No | O98: 0 | P98: Placed | Q98: 79.18 | R98: =IF(Q98>=KPI!$E$4,"A",IF(Q98>=KPI!$E$5,"B",IF(Q98>=KPI!$E$6,"C",IF(Q98>=KPI!$E$7,"D","F")))) -> B | S98: =IF(P98="Placed",1,0) -> 1 | T98: =IFERROR(AVERAGE(I98:J98),0) -> 77.5 | U98: =RANK(Q98,$Q$2:$Q$251,0)+COUNTIF($Q$2:Q98,Q98)-1 -> 90 | V98: =UPPER(B98) -> STUDENT_097 | W98: =IFERROR(MID(B98,FIND("_",B98)+1,LEN(B98)),B98) -> 097
A99: STU1098 | B99: Student_098 | C99: IT | D99: Female | E99: 6 | F99: 93.7 | G99: 2.9 | H99: 57.9 | I99: 60.9 | J99: 67 | K99: 4 | L99: 0 | M99: 1 | N99: No | O99: 0 | P99: Not Placed | Q99: 63.35 | R99: =IF(Q99>=KPI!$E$4,"A",IF(Q99>=KPI!$E$5,"B",IF(Q99>=KPI!$E$6,"C",IF(Q99>=KPI!$E$7,"D","F")))) -> D | S99: =IF(P99="Placed",1,0) -> 0 | T99: =IFERROR(AVERAGE(I99:J99),0) -> 63.95 | U99: =RANK(Q99,$Q$2:$Q$251,0)+COUNTIF($Q$2:Q99,Q99)-1 -> 229 | V99: =UPPER(B99) -> STUDENT_098 | W99: =IFERROR(MID(B99,FIND("_",B99)+1,LEN(B99)),B99) -> 098
A100: STU1099 | B100: Student_099 | C100: Computer Engineering | D100: Female | E100: 6 | F100: 75.9 | G100: 1.3 | H100: 65.1 | I100: 79.6 | J100: 74.8 | K100: 5 | L100: 4 | M100: 0 | N100: No | O100: 0 | P100: Placed | Q100: 74.3 | R100: =IF(Q100>=KPI!$E$4,"A",IF(Q100>=KPI!$E$5,"B",IF(Q100>=KPI!$E$6,"C",IF(Q100>=KPI!$E$7,"D","F")))) -> C | S100: =IF(P100="Placed",1,0) -> 1 | T100: =IFERROR(AVERAGE(I100:J100),0) -> 77.2 | U100: =RANK(Q100,$Q$2:$Q$251,0)+COUNTIF($Q$2:Q100,Q100)-1 -> 142 | V100: =UPPER(B100) -> STUDENT_099 | W100: =IFERROR(MID(B100,FIND("_",B100)+1,LEN(B100)),B100) -> 099
A101: STU1100 | B101: Student_100 | C101: Computer Engineering | D101: Male | E101: 3 | F101: 61.9 | G101: 2.6 | H101: 82.8 | I101: 54 | J101: 63.3 | K101: 4 | L101: 4 | M101: 2 | N101: Yes | O101: 12264 | P101: Not Placed | Q101: 64.41 | R101: =IF(Q101>=KPI!$E$4,"A",IF(Q101>=KPI!$E$5,"B",IF(Q101>=KPI!$E$6,"C",IF(Q101>=KPI!$E$7,"D","F")))) -> D | S101: =IF(P101="Placed",1,0) -> 0 | T101: =IFERROR(AVERAGE(I101:J101),0) -> 58.65 | U101: =RANK(Q101,$Q$2:$Q$251,0)+COUNTIF($Q$2:Q101,Q101)-1 -> 216 | V101: =UPPER(B101) -> STUDENT_100 | W101: =IFERROR(MID(B101,FIND("_",B101)+1,LEN(B101)),B101) -> 100
A102: STU1101 | B102: Student_101 | C102: Computer Engineering | D102: Male | E102: 3 | F102: 91.5 | G102: 2.9 | H102: 87 | I102: 58.5 | J102: 71.4 | K102: 2 | L102: 2 | M102: 0 | N102: Yes | O102: 12089 | P102: Not Placed | Q102: 70.65 | R102: =IF(Q102>=KPI!$E$4,"A",IF(Q102>=KPI!$E$5,"B",IF(Q102>=KPI!$E$6,"C",IF(Q102>=KPI!$E$7,"D","F")))) -> C | S102: =IF(P102="Placed",1,0) -> 0 | T102: =IFERROR(AVERAGE(I102:J102),0) -> 64.95 | U102: =RANK(Q102,$Q$2:$Q$251,0)+COUNTIF($Q$2:Q102,Q102)-1 -> 181 | V102: =UPPER(B102) -> STUDENT_101 | W102: =IFERROR(MID(B102,FIND("_",B102)+1,LEN(B102)),B102) -> 101
A103: STU1102 | B103: Student_102 | C103: AI-ML | D103: Male | E103: 2 | F103: 74.4 | G103: 6 | H103: 91.9 | I103: 77.8 | J103: 80.6 | K103: 5 | L103: 3 | M103: 0 | N103: No | O103: 0 | P103: Not Placed | Q103: 82.02 | R103: =IF(Q103>=KPI!$E$4,"A",IF(Q103>=KPI!$E$5,"B",IF(Q103>=KPI!$E$6,"C",IF(Q103>=KPI!$E$7,"D","F")))) -> B | S103: =IF(P103="Placed",1,0) -> 0 | T103: =IFERROR(AVERAGE(I103:J103),0) -> 79.2 | U103: =RANK(Q103,$Q$2:$Q$251,0)+COUNTIF($Q$2:Q103,Q103)-1 -> 62 | V103: =UPPER(B103) -> STUDENT_102 | W103: =IFERROR(MID(B103,FIND("_",B103)+1,LEN(B103)),B103) -> 102
A104: STU1103 | B104: Student_103 | C104: IT | D104: Male | E104: 4 | F104: 67.8 | G104: 4.5 | H104: 91.8 | I104: 62.4 | J104: 79.8 | K104: 3 | L104: 0 | M104: 0 | N104: Yes | O104: 17559 | P104: Placed | Q104: 76.98 | R104: =IF(Q104>=KPI!$E$4,"A",IF(Q104>=KPI!$E$5,"B",IF(Q104>=KPI!$E$6,"C",IF(Q104>=KPI!$E$7,"D","F")))) -> B | S104: =IF(P104="Placed",1,0) -> 1 | T104: =IFERROR(AVERAGE(I104:J104),0) -> 71.1 | U104: =RANK(Q104,$Q$2:$Q$251,0)+COUNTIF($Q$2:Q104,Q104)-1 -> 110 | V104: =UPPER(B104) -> STUDENT_103 | W104: =IFERROR(MID(B104,FIND("_",B104)+1,LEN(B104)),B104) -> 103
A105: STU1104 | B105: Student_104 | C105: AI-ML | D105: Female | E105: 1 | F105: 82.1 | G105: 3.3 | H105: 74.8 | I105: 71.1 | J105: 67.3 | K105: 0 | L105: 4 | M105: 1 | N105: Yes | O105: 4859 | P105: Placed | Q105: 69.94 | R105: =IF(Q105>=KPI!$E$4,"A",IF(Q105>=KPI!$E$5,"B",IF(Q105>=KPI!$E$6,"C",IF(Q105>=KPI!$E$7,"D","F")))) -> C | S105: =IF(P105="Placed",1,0) -> 1 | T105: =IFERROR(AVERAGE(I105:J105),0) -> 69.2 | U105: =RANK(Q105,$Q$2:$Q$251,0)+COUNTIF($Q$2:Q105,Q105)-1 -> 187 | V105: =UPPER(B105) -> STUDENT_104 | W105: =IFERROR(MID(B105,FIND("_",B105)+1,LEN(B105)),B105) -> 104
A106: STU1105 | B106: Student_105 | C106: Electronics | D106: Female | E106: 6 | F106: 79.8 | G106: 9 | H106: 80.7 | I106: 64.1 | J106: 75.2 | K106: 4 | L106: 3 | M106: 0 | N106: Yes | O106: 16048 | P106: Placed | Q106: 72.97 | R106: =IF(Q106>=KPI!$E$4,"A",IF(Q106>=KPI!$E$5,"B",IF(Q106>=KPI!$E$6,"C",IF(Q106>=KPI!$E$7,"D","F")))) -> C | S106: =IF(P106="Placed",1,0) -> 1 | T106: =IFERROR(AVERAGE(I106:J106),0) -> 69.65 | U106: =RANK(Q106,$Q$2:$Q$251,0)+COUNTIF($Q$2:Q106,Q106)-1 -> 155 | V106: =UPPER(B106) -> STUDENT_105 | W106: =IFERROR(MID(B106,FIND("_",B106)+1,LEN(B106)),B106) -> 105
A107: STU1106 | B107: Student_106 | C107: Computer Engineering | D107: Male | E107: 4 | F107: 89.4 | G107: 3.6 | H107: 92.9 | I107: 66.2 | J107: 82.1 | K107: 2 | L107: 4 | M107: 2 | N107: No | O107: 0 | P107: Not Placed | Q107: 79.49 | R107: =IF(Q107>=KPI!$E$4,"A",IF(Q107>=KPI!$E$5,"B",IF(Q107>=KPI!$E$6,"C",IF(Q107>=KPI!$E$7,"D","F")))) -> B | S107: =IF(P107="Placed",1,0) -> 0 | T107: =IFERROR(AVERAGE(I107:J107),0) -> 74.15 | U107: =RANK(Q107,$Q$2:$Q$251,0)+COUNTIF($Q$2:Q107,Q107)-1 -> 87 | V107: =UPPER(B107) -> STUDENT_106 | W107: =IFERROR(MID(B107,FIND("_",B107)+1,LEN(B107)),B107) -> 106
A108: STU1107 | B108: Student_107 | C108: IT | D108: Female | E108: 5 | F108: 90 | G108: 6.9 | H108: 72.1 | I108: 66.9 | J108: 70.6 | K108: 3 | L108: 4 | M108: 1 | N108: No | O108: 0 | P108: Not Placed | Q108: 69.79 | R108: =IF(Q108>=KPI!$E$4,"A",IF(Q108>=KPI!$E$5,"B",IF(Q108>=KPI!$E$6,"C",IF(Q108>=KPI!$E$7,"D","F")))) -> C | S108: =IF(P108="Placed",1,0) -> 0 | T108: =IFERROR(AVERAGE(I108:J108),0) -> 68.75 | U108: =RANK(Q108,$Q$2:$Q$251,0)+COUNTIF($Q$2:Q108,Q108)-1 -> 190 | V108: =UPPER(B108) -> STUDENT_107 | W108: =IFERROR(MID(B108,FIND("_",B108)+1,LEN(B108)),B108) -> 107
... A128: STU1127 | B128: Student_127 | C128: Data Science | D128: Male | E128: 4 | F128: 93.6 | G128: 3.3 | H128: 63.8 | I128: 71.6 | J128: 70.4 | K128: 0 | L128: 2 | M128: 0 | N128: Yes | O128: 8164 | P128: Placed | Q128: 69.44 | R128: =IF(Q128>=KPI!$E$4,"A",IF(Q128>=KPI!$E$5,"B",IF(Q128>=KPI!$E$6,"C",IF(Q128>=KPI!$E$7,"D","F")))) -> C | S128: =IF(P128="Placed",1,0) -> 1 | T128: =IFERROR(AVERAGE(I128:J128),0) -> 71 | U128: =RANK(Q128,$Q$2:$Q$251,0)+COUNTIF($Q$2:Q128,Q128)-1 -> 195 | V128: =UPPER(B128) -> STUDENT_127 | W128: =IFERROR(MID(B128,FIND("_",B128)+1,LEN(B128)),B128) -> 127
A129: STU1128 | B129: Student_128 | C129: Electronics | D129: Female | E129: 2 | G129: 5.1 | H129: 84.4 | I129: 69.6 | J129: 92.3 | K129: 4 | L129: 3 | M129: 1 | N129: Yes | O129: 6346 | P129: Placed | Q129: 83.91 | R129: =IF(Q129>=KPI!$E$4,"A",IF(Q129>=KPI!$E$5,"B",IF(Q129>=KPI!$E$6,"C",IF(Q129>=KPI!$E$7,"D","F")))) -> B | S129: =IF(P129="Placed",1,0) -> 1 | T129: =IFERROR(AVERAGE(I129:J129),0) -> 80.95 | U129: =RANK(Q129,$Q$2:$Q$251,0)+COUNTIF($Q$2:Q129,Q129)-1 -> 43 | V129: =UPPER(B129) -> STUDENT_128 | W129: =IFERROR(MID(B129,FIND("_",B129)+1,LEN(B129)),B129) -> 128
A130: STU1129 | B130: Student_129 | C130: Computer Engineering | D130: Male | E130: 6 | F130: 78.2 | G130: 4.1 | H130: 79.6 | I130: 66.5 | J130: 86.1 | K130: 3 | L130: 2 | M130: 0 | N130: Yes | O130: 9039 | P130: Placed | Q130: 78.92 | R130: =IF(Q130>=KPI!$E$4,"A",IF(Q130>=KPI!$E$5,"B",IF(Q130>=KPI!$E$6,"C",IF(Q130>=KPI!$E$7,"D","F")))) -> B | S130: =IF(P130="Placed",1,0) -> 1 | T130: =IFERROR(AVERAGE(I130:J130),0) -> 76.3 | U130: =RANK(Q130,$Q$2:$Q$251,0)+COUNTIF($Q$2:Q130,Q130)-1 -> 93 | V130: =UPPER(B130) -> STUDENT_129 | W130: =IFERROR(MID(B130,FIND("_",B130)+1,LEN(B130)),B130) -> 129
A131: STU1130 | B131: Student_130 | C131: AI-ML | D131: Female | E131: 2 | F131: 77 | G131: 5.9 | H131: 67.5 | I131: 71.8 | J131: 69.1 | K131: 5 | L131: 0 | M131: 2 | N131: No | O131: 0 | P131: Not Placed | Q131: 69.59 | R131: =IF(Q131>=KPI!$E$4,"A",IF(Q131>=KPI!$E$5,"B",IF(Q131>=KPI!$E$6,"C",IF(Q131>=KPI!$E$7,"D","F")))) -> C | S131: =IF(P131="Placed",1,0) -> 0 | T131: =IFERROR(AVERAGE(I131:J131),0) -> 70.45 | U131: =RANK(Q131,$Q$2:$Q$251,0)+COUNTIF($Q$2:Q131,Q131)-1 -> 192 | V131: =UPPER(B131) -> STUDENT_130 | W131: =IFERROR(MID(B131,FIND("_",B131)+1,LEN(B131)),B131) -> 130
A132: STU1131 | B132: Student_131 | C132: IT | D132: Female | E132: 2 | F132: 90.7 | G132: 5.8 | H132: 90 | I132: 84.1 | J132: 85.1 | K132: 1 | L132: 3 | M132: 1 | N132: Yes | O132: 18631 | P132: Placed | Q132: 85.78 | R132: =IF(Q132>=KPI!$E$4,"A",IF(Q132>=KPI!$E$5,"B",IF(Q132>=KPI!$E$6,"C",IF(Q132>=KPI!$E$7,"D","F")))) -> A | S132: =IF(P132="Placed",1,0) -> 1 | T132: =IFERROR(AVERAGE(I132:J132),0) -> 84.6 | U132: =RANK(Q132,$Q$2:$Q$251,0)+COUNTIF($Q$2:Q132,Q132)-1 -> 28 | V132: =UPPER(B132) -> STUDENT_131 | W132: =IFERROR(MID(B132,FIND("_",B132)+1,LEN(B132)),B132) -> 131
A133: STU1132 | B133: Student_132 | C133: Computer Engineering | D133: Male | E133: 2 | F133: 90.8 | G133: 6.8 | H133: 73.9 | I133: 60.8 | J133: 78.1 | K133: 2 | L133: 4 | M133: 1 | N133: Yes | O133: 14442 | P133: Placed | Q133: 72.07 | R133: =IF(Q133>=KPI!$E$4,"A",IF(Q133>=KPI!$E$5,"B",IF(Q133>=KPI!$E$6,"C",IF(Q133>=KPI!$E$7,"D","F")))) -> C | S133: =IF(P133="Placed",1,0) -> 1 | T133: =IFERROR(AVERAGE(I133:J133),0) -> 69.45 | U133: =RANK(Q133,$Q$2:$Q$251,0)+COUNTIF($Q$2:Q133,Q133)-1 -> 161 | V133: =UPPER(B133) -> STUDENT_132 | W133: =IFERROR(MID(B133,FIND("_",B133)+1,LEN(B133)),B133) -> 132
A134: STU1133 | B134: Student_133 | C134: Computer Engineering | D134: Male | E134: 6 | F134: 94.5 | G134: 3.3 | H134: 83.1 | I134: 73.5 | J134: 89.1 | K134: 2 | L134: 2 | M134: 3 | N134: No | O134: 0 | P134: Not Placed | Q134: 83.22 | R134: =IF(Q134>=KPI!$E$4,"A",IF(Q134>=KPI!$E$5,"B",IF(Q134>=KPI!$E$6,"C",IF(Q134>=KPI!$E$7,"D","F")))) -> B | S134: =IF(P134="Placed",1,0) -> 0 | T134: =IFERROR(AVERAGE(I134:J134),0) -> 81.3 | U134: =RANK(Q134,$Q$2:$Q$251,0)+COUNTIF($Q$2:Q134,Q134)-1 -> 54 | V134: =UPPER(B134) -> STUDENT_133 | W134: =IFERROR(MID(B134,FIND("_",B134)+1,LEN(B134)),B134) -> 133
A135: STU1134 | B135: Student_134 | C135: IT | D135: Male | E135: 7 | F135: 91.1 | G135: 5 | H135: 64.1 | I135: 56.3 | J135: 70 | K135: 3 | L135: 4 | M135: 0 | N135: Yes | O135: 9041 | P135: Placed | Q135: 64.71 | R135: =IF(Q135>=KPI!$E$4,"A",IF(Q135>=KPI!$E$5,"B",IF(Q135>=KPI!$E$6,"C",IF(Q135>=KPI!$E$7,"D","F")))) -> D | S135: =IF(P135="Placed",1,0) -> 1 | T135: =IFERROR(AVERAGE(I135:J135),0) -> 63.15 | U135: =RANK(Q135,$Q$2:$Q$251,0)+COUNTIF($Q$2:Q135,Q135)-1 -> 214 | V135: =UPPER(B135) -> STUDENT_134 | W135: =IFERROR(MID(B135,FIND("_",B135)+1,LEN(B135)),B135) -> 134
A136: STU1135 | B136: Student_135 | C136: Electronics | D136: Male | E136: 3 | F136: 67.3 | G136: 1.7 | I136: 58.1 | J136: 57.4 | K136: 1 | L136: 1 | M136: 1 | N136: No | O136: 0 | P136: Not Placed | Q136: 61.25 | R136: =IF(Q136>=KPI!$E$4,"A",IF(Q136>=KPI!$E$5,"B",IF(Q136>=KPI!$E$6,"C",IF(Q136>=KPI!$E$7,"D","F")))) -> D | S136: =IF(P136="Placed",1,0) -> 0 | T136: =IFERROR(AVERAGE(I136:J136),0) -> 57.75 | U136: =RANK(Q136,$Q$2:$Q$251,0)+COUNTIF($Q$2:Q136,Q136)-1 -> 236 | V136: =UPPER(B136) -> STUDENT_135 | W136: =IFERROR(MID(B136,FIND("_",B136)+1,LEN(B136)),B136) -> 135
A137: STU1136 | B137: Student_136 | C137: IT | D137: Male | E137: 3 | F137: 84.5 | G137: 2.5 | H137: 100 | I137: 71.6 | J137: 78.7 | K137: 0 | L137: 2 | M137: 0 | N137: No | O137: 0 | P137: Not Placed | Q137: 80.83 | R137: =IF(Q137>=KPI!$E$4,"A",IF(Q137>=KPI!$E$5,"B",IF(Q137>=KPI!$E$6,"C",IF(Q137>=KPI!$E$7,"D","F")))) -> B | S137: =IF(P137="Placed",1,0) -> 0 | T137: =IFERROR(AVERAGE(I137:J137),0) -> 75.15 | U137: =RANK(Q137,$Q$2:$Q$251,0)+COUNTIF($Q$2:Q137,Q137)-1 -> 73 | V137: =UPPER(B137) -> STUDENT_136 | W137: =IFERROR(MID(B137,FIND("_",B137)+1,LEN(B137)),B137) -> 136
A138: STU1137 | B138: Student_137 | C138: AI-ML | D138: Female | E138: 7 | F138: 72.5 | G138: 6.4 | H138: 88.5 | I138: 44.6 | J138: 65.1 | K138: 0 | L138: 3 | M138: 2 | N138: Yes | O138: 5337 | P138: Not Placed | Q138: 63.63 | R138: =IF(Q138>=KPI!$E$4,"A",IF(Q138>=KPI!$E$5,"B",IF(Q138>=KPI!$E$6,"C",IF(Q138>=KPI!$E$7,"D","F")))) -> D | S138: =IF(P138="Placed",1,0) -> 0 | T138: =IFERROR(AVERAGE(I138:J138),0) -> 54.85 | U138: =RANK(Q138,$Q$2:$Q$251,0)+COUNTIF($Q$2:Q138,Q138)-1 -> 225 | V138: =UPPER(B138) -> STUDENT_137 | W138: =IFERROR(MID(B138,FIND("_",B138)+1,LEN(B138)),B138) -> 137
A139: STU1138 | B139: Student_138 | C139: Data Science | D139: Female | E139: 2 | F139: 77.4 | G139: 3.1 | H139: 80 | I139: 100 | J139: 90.9 | K139: 4 | L139: 2 | M139: 0 | N139: No | O139: 0 | P139: Placed | Q139: 91.45 | R139: =IF(Q139>=KPI!$E$4,"A",IF(Q139>=KPI!$E$5,"B",IF(Q139>=KPI!$E$6,"C",IF(Q139>=KPI!$E$7,"D","F")))) -> A | S139: =IF(P139="Placed",1,0) -> 1 | T139: =IFERROR(AVERAGE(I139:J139),0) -> 95.45 | U139: =RANK(Q139,$Q$2:$Q$251,0)+COUNTIF($Q$2:Q139,Q139)-1 -> 4 | V139: =UPPER(B139) -> STUDENT_138 | W139: =IFERROR(MID(B139,FIND("_",B139)+1,LEN(B139)),B139) -> 138
A140: STU1139 | B140: Student_139 | C140: IT | D140: Male | E140: 4 | F140: 83.5 | G140: 3.3 | H140: 70.2 | I140: 55.3 | J140: 60.8 | K140: 4 | L140: 4 | M140: 1 | N140: No | O140: 0 | P140: Not Placed | Q140: 61.03 | R140: =IF(Q140>=KPI!$E$4,"A",IF(Q140>=KPI!$E$5,"B",IF(Q140>=KPI!$E$6,"C",IF(Q140>=KPI!$E$7,"D","F")))) -> D | S140: =IF(P140="Placed",1,0) -> 0 | T140: =IFERROR(AVERAGE(I140:J140),0) -> 58.05 | U140: =RANK(Q140,$Q$2:$Q$251,0)+COUNTIF($Q$2:Q140,Q140)-1 -> 238 | V140: =UPPER(B140) -> STUDENT_139 | W140: =IFERROR(MID(B140,FIND("_",B140)+1,LEN(B140)),B140) -> 139
A141: STU1140 | B141: Student_140 | C141: Electronics | D141: Male | E141: 1 | F141: 89.5 | H141: 76.9 | I141: 71.4 | J141: 75.3 | K141: 0 | L141: 0 | M141: 2 | N141: Yes | O141: 5551 | P141: Not Placed | Q141: 74.45 | R141: =IF(Q141>=KPI!$E$4,"A",IF(Q141>=KPI!$E$5,"B",IF(Q141>=KPI!$E$6,"C",IF(Q141>=KPI!$E$7,"D","F")))) -> C | S141: =IF(P141="Placed",1,0) -> 0 | T141: =IFERROR(AVERAGE(I141:J141),0) -> 73.35 | U141: =RANK(Q141,$Q$2:$Q$251,0)+COUNTIF($Q$2:Q141,Q141)-1 -> 140 | V141: =UPPER(B141) -> STUDENT_140 | W141: =IFERROR(MID(B141,FIND("_",B141)+1,LEN(B141)),B141) -> 140
A142: STU1141 | B142: Student_141 | C142: Electronics | D142: Male | E142: 6 | F142: 74 | G142: 6.1 | H142: 78.6 | I142: 88.4 | J142: 94.6 | K142: 2 | L142: 2 | M142: 0 | N142: No | O142: 0 | P142: Placed | Q142: 89.54 | R142: =IF(Q142>=KPI!$E$4,"A",IF(Q142>=KPI!$E$5,"B",IF(Q142>=KPI!$E$6,"C",IF(Q142>=KPI!$E$7,"D","F")))) -> A | S142: =IF(P142="Placed",1,0) -> 1 | T142: =IFERROR(AVERAGE(I142:J142),0) -> 91.5 | U142: =RANK(Q142,$Q$2:$Q$251,0)+COUNTIF($Q$2:Q142,Q142)-1 -> 8 | V142: =UPPER(B142) -> STUDENT_141 | W142: =IFERROR(MID(B142,FIND("_",B142)+1,LEN(B142)),B142) -> 141
A143: STU1142 | B143: Student_142 | C143: Computer Engineering | D143: Female | E143: 1 | F143: 61.1 | G143: 2.9 | H143: 81.8 | I143: 59.9 | J143: 60 | K143: 5 | L143: 3 | M143: 0 | N143: No | O143: 0 | P143: Not Placed | Q143: 64.33 | R143: =IF(Q143>=KPI!$E$4,"A",IF(Q143>=KPI!$E$5,"B",IF(Q143>=KPI!$E$6,"C",IF(Q143>=KPI!$E$7,"D","F")))) -> D | S143: =IF(P143="Placed",1,0) -> 0 | T143: =IFERROR(AVERAGE(I143:J143),0) -> 59.95 | U143: =RANK(Q143,$Q$2:$Q$251,0)+COUNTIF($Q$2:Q143,Q143)-1 -> 218 | V143: =UPPER(B143) -> STUDENT_142 | W143: =IFERROR(MID(B143,FIND("_",B143)+1,LEN(B143)),B143) -> 142
A144: STU1143 | B144: Student_143 | C144: IT | D144: Female | E144: 8 | F144: 83.6 | G144: 1 | H144: 62 | I144: 39.8 | J144: 42 | K144: 2 | L144: 1 | M144: 1 | N144: No | O144: 0 | P144: Not Placed | Q144: 45.34 | R144: =IF(Q144>=KPI!$E$4,"A",IF(Q144>=KPI!$E$5,"B",IF(Q144>=KPI!$E$6,"C",IF(Q144>=KPI!$E$7,"D","F")))) -> F | S144: =IF(P144="Placed",1,0) -> 0 | T144: =IFERROR(AVERAGE(I144:J144),0) -> 40.9 | U144: =RANK(Q144,$Q$2:$Q$251,0)+COUNTIF($Q$2:Q144,Q144)-1 -> 250 | V144: =UPPER(B144) -> STUDENT_143 | W144: =IFERROR(MID(B144,FIND("_",B144)+1,LEN(B144)),B144) -> 143
A145: STU1144 | B145: Student_144 | C145: IT | D145: Male | E145: 7 | F145: 100 | G145: 3.2 | H145: 84.7 | I145: 65.8 | J145: 77.8 | K145: 4 | L145: 0 | M145: 0 | N145: Yes | O145: 5526 | P145: Placed | Q145: 75.58 | R145: =IF(Q145>=KPI!$E$4,"A",IF(Q145>=KPI!$E$5,"B",IF(Q145>=KPI!$E$6,"C",IF(Q145>=KPI!$E$7,"D","F")))) -> B | S145: =IF(P145="Placed",1,0) -> 1 | T145: =IFERROR(AVERAGE(I145:J145),0) -> 71.8 | U145: =RANK(Q145,$Q$2:$Q$251,0)+COUNTIF($Q$2:Q145,Q145)-1 -> 125 | V145: =UPPER(B145) -> STUDENT_144 | W145: =IFERROR(MID(B145,FIND("_",B145)+1,LEN(B145)),B145) -> 144
A146: STU1145 | B146: Student_145 | C146: IT | D146: Female | E146: 4 | G146: 7 | H146: 61.8 | I146: 59.8 | J146: 69.9 | K146: 3 | L146: 1 | M146: 0 | N146: No | O146: 0 | P146: Placed | Q146: 65.25 | R146: =IF(Q146>=KPI!$E$4,"A",IF(Q146>=KPI!$E$5,"B",IF(Q146>=KPI!$E$6,"C",IF(Q146>=KPI!$E$7,"D","F")))) -> C | S146: =IF(P146="Placed",1,0) -> 1 | T146: =IFERROR(AVERAGE(I146:J146),0) -> 64.85 | U146: =RANK(Q146,$Q$2:$Q$251,0)+COUNTIF($Q$2:Q146,Q146)-1 -> 211 | V146: =UPPER(B146) -> STUDENT_145 | W146: =IFERROR(MID(B146,FIND("_",B146)+1,LEN(B146)),B146) -> 145
A147: STU1146 | B147: Student_146 | C147: Computer Engineering | D147: Male | E147: 6 | F147: 82.4 | G147: 5.4 | H147: 97.2 | I147: 40.1 | J147: 73.2 | K147: 0 | L147: 2 | M147: 0 | N147: No | O147: 0 | P147: Not Placed | Q147: 68.07 | R147: =IF(Q147>=KPI!$E$4,"A",IF(Q147>=KPI!$E$5,"B",IF(Q147>=KPI!$E$6,"C",IF(Q147>=KPI!$E$7,"D","F")))) -> C | S147: =IF(P147="Placed",1,0) -> 0 | T147: =IFERROR(AVERAGE(I147:J147),0) -> 56.65 | U147: =RANK(Q147,$Q$2:$Q$251,0)+COUNTIF($Q$2:Q147,Q147)-1 -> 201 | V147: =UPPER(B147) -> STUDENT_146 | W147: =IFERROR(MID(B147,FIND("_",B147)+1,LEN(B147)),B147) -> 146
A148: STU1147 | B148: Student_147 | C148: AI-ML | D148: Male | E148: 7 | F148: 98 | G148: 7.2 | H148: 66 | I148: 76 | J148: 86.9 | K148: 4 | L148: 4 | M148: 0 | N148: Yes | O148: 13765 | P148: Placed | Q148: 79.45 | R148: =IF(Q148>=KPI!$E$4,"A",IF(Q148>=KPI!$E$5,"B",IF(Q148>=KPI!$E$6,"C",IF(Q148>=KPI!$E$7,"D","F")))) -> B | S148: =IF(P148="Placed",1,0) -> 1 | T148: =IFERROR(AVERAGE(I148:J148),0) -> 81.45 | U148: =RANK(Q148,$Q$2:$Q$251,0)+COUNTIF($Q$2:Q148,Q148)-1 -> 88 | V148: =UPPER(B148) -> STUDENT_147 | W148: =IFERROR(MID(B148,FIND("_",B148)+1,LEN(B148)),B148) -> 147
A149: STU1148 | B149: Student_148 | C149: AI-ML | D149: Female | E149: 2 | F149: 87.3 | G149: 2.8 | H149: 79.9 | I149: 74.9 | J149: 76.5 | K149: 4 | L149: 4 | M149: 2 | N149: Yes | O149: 14878 | P149: Not Placed | Q149: 76.7 | R149: =IF(Q149>=KPI!$E$4,"A",IF(Q149>=KPI!$E$5,"B",IF(Q149>=KPI!$E$6,"C",IF(Q149>=KPI!$E$7,"D","F")))) -> B | S149: =IF(P149="Placed",1,0) -> 0 | T149: =IFERROR(AVERAGE(I149:J149),0) -> 75.7 | U149: =RANK(Q149,$Q$2:$Q$251,0)+COUNTIF($Q$2:Q149,Q149)-1 -> 112 | V149: =UPPER(B149) -> STUDENT_148 | W149: =IFERROR(MID(B149,FIND("_",B149)+1,LEN(B149)),B149) -> 148
A150: STU1149 | B150: Student_149 | C150: Computer Engineering | D150: Male | E150: 3 | F150: 84 | G150: 1.8 | H150: 89.1 | I150: 88 | J150: 81.8 | K150: 5 | L150: 3 | M150: 0 | N150: Yes | O150: 8370 | P150: Placed | Q150: 85.12 | R150: =IF(Q150>=KPI!$E$4,"A",IF(Q150>=KPI!$E$5,"B",IF(Q150>=KPI!$E$6,"C",IF(Q150>=KPI!$E$7,"D","F")))) -> A | S150: =IF(P150="Placed",1,0) -> 1 | T150: =IFERROR(AVERAGE(I150:J150),0) -> 84.9 | U150: =RANK(Q150,$Q$2:$Q$251,0)+COUNTIF($Q$2:Q150,Q150)-1 -> 35 | V150: =UPPER(B150) -> STUDENT_149 | W150: =IFERROR(MID(B150,FIND("_",B150)+1,LEN(B150)),B150) -> 149
A151: STU1150 | B151: Student_150 | C151: Computer Engineering | D151: Male | E151: 1 | F151: 86 | G151: 5.6 | H151: 72.7 | I151: 56.3 | J151: 66.8 | K151: 0 | L151: 4 | M151: 0 | N151: No | O151: 0 | P151: Not Placed | Q151: 64.83 | R151: =IF(Q151>=KPI!$E$4,"A",IF(Q151>=KPI!$E$5,"B",IF(Q151>=KPI!$E$6,"C",IF(Q151>=KPI!$E$7,"D","F")))) -> D | S151: =IF(P151="Placed",1,0) -> 0 | T151: =IFERROR(AVERAGE(I151:J151),0) -> 61.55 | U151: =RANK(Q151,$Q$2:$Q$251,0)+COUNTIF($Q$2:Q151,Q151)-1 -> 213 | V151: =UPPER(B151) -> STUDENT_150 | W151: =IFERROR(MID(B151,FIND("_",B151)+1,LEN(B151)),B151) -> 150
A152: STU1151 | B152: Student_151 | C152: Electronics | D152: Female | E152: 5 | F152: 84.3 | G152: 5.2 | H152: 80.4 | I152: 49.6 | J152: 70.3 | K152: 5 | L152: 0 | M152: 0 | N152: Yes | O152: 11610 | P152: Placed | Q152: 66.11 | R152: =IF(Q152>=KPI!$E$4,"A",IF(Q152>=KPI!$E$5,"B",IF(Q152>=KPI!$E$6,"C",IF(Q152>=KPI!$E$7,"D","F")))) -> C | S152: =IF(P152="Placed",1,0) -> 1 | T152: =IFERROR(AVERAGE(I152:J152),0) -> 59.95 | U152: =RANK(Q152,$Q$2:$Q$251,0)+COUNTIF($Q$2:Q152,Q152)-1 -> 208 | V152: =UPPER(B152) -> STUDENT_151 | W152: =IFERROR(MID(B152,FIND("_",B152)+1,LEN(B152)),B152) -> 151
A153: STU1152 | B153: Student_152 | C153: Computer Engineering | D153: Male | E153: 5 | F153: 71.7 | G153: 5.3 | H153: 94.7 | I153: 66.3 | J153: 84.6 | K153: 0 | L153: 4 | M153: 0 | N153: Yes | O153: 14558 | P153: Placed | Q153: 81.13 | R153: =IF(Q153>=KPI!$E$4,"A",IF(Q153>=KPI!$E$5,"B",IF(Q153>=KPI!$E$6,"C",IF(Q153>=KPI!$E$7,"D","F")))) -> B | S153: =IF(P153="Placed",1,0) -> 1 | T153: =IFERROR(AVERAGE(I153:J153),0) -> 75.45 | U153: =RANK(Q153,$Q$2:$Q$251,0)+COUNTIF($Q$2:Q153,Q153)-1 -> 71 | V153: =UPPER(B153) -> STUDENT_152 | W153: =IFERROR(MID(B153,FIND("_",B153)+1,LEN(B153)),B153) -> 152
A154: STU1153 | B154: Student_153 | C154: Computer Engineering | D154: Male | E154: 4 | F154: 69.9 | G154: 6.5 | H154: 83.3 | I154: 70.8 | J154: 72.9 | K154: 5 | L154: 3 | M154: 0 | N154: No | O154: 0 | P154: Not Placed | Q154: 74.35 | R154: =IF(Q154>=KPI!$E$4,"A",IF(Q154>=KPI!$E$5,"B",IF(Q154>=KPI!$E$6,"C",IF(Q154>=KPI!$E$7,"D","F")))) -> C | S154: =IF(P154="Placed",1,0) -> 0 | T154: =IFERROR(AVERAGE(I154:J154),0) -> 71.85 | U154: =RANK(Q154,$Q$2:$Q$251,0)+COUNTIF($Q$2:Q154,Q154)-1 -> 141 | V154: =UPPER(B154) -> STUDENT_153 | W154: =IFERROR(MID(B154,FIND("_",B154)+1,LEN(B154)),B154) -> 153
...

Sheet KPI
A1: KPI Summary Metrics
A3: TOTAL STUDENTS | B3: =IFERROR(COUNTA(Dataset!A2:A251),0) -> 250 | D3: GRADE | E3: MIN OVERALL SCORE | F3: STUDENTS
A4: AVERAGE OVERALL SCORE | B4: =IFERROR(AVERAGE(Dataset!Q2:Q251),0) -> 75.23112 | D4: A | E4: 85 | F4: =COUNTIF(Dataset!R2:R251,D4) -> 37
A5: PLACEMENT RATE | B5: =IFERROR(SUM(Dataset!S2:S251)/COUNTA(Dataset!A2:A251),0) -> 0.56 | D5: B | E5: 75 | F5: =COUNTIF(Dataset!R2:R251,D5) -> 98
A6: TOTAL PLACED | B6: =IFERROR(COUNTIF(Dataset!P2:P251,"Placed"),0) -> 140 | D6: C | E6: 65 | F6: =COUNTIF(Dataset!R2:R251,D6) -> 76
A7: TOTAL NOT PLACED | B7: =IFERROR(COUNTIF(Dataset!P2:P251,"Not Placed"),0) -> 110 | D7: D | E7: 50 | F7: =COUNTIF(Dataset!R2:R251,D7) -> 37
A8: AVERAGE ATTENDANCE % | B8: =IFERROR(AVERAGE(Dataset!F2:F251),0) -> 81.258776 | D8: F | E8: 0 | F8: =COUNTIF(Dataset!R2:R251,D8) -> 2
A9: AVERAGE STUDY HOURS / DAY | B9: =IFERROR(AVERAGE(Dataset!G2:G251),0) -> 4.76
A10: TOTAL PROJECTS COMPLETED | B10: =IFERROR(SUM(Dataset!K2:K251),0) -> 635
A11: TOTAL CERTIFICATIONS | B11: =IFERROR(SUM(Dataset!L2:L251),0) -> 526
A12: STUDENTS WITH BACKLOGS | B12: =IFERROR(COUNTIF(Dataset!M2:M251,">0"),0) -> 107
A13: INTERNSHIP RATE | B13: =IFERROR(COUNTIF(Dataset!N2:N251,"Yes")/COUNTA(Dataset!A2:A251),0) -> 0.416
A14: AVERAGE STIPEND (INTERNS) | B14: =IFERROR(AVERAGEIF(Dataset!O2:O251,">0"),0) -> 12343.346
A15: MISSING VALUES (BLANK CELLS) | B15: =COUNTBLANK(Dataset!A2:Q251) -> 20

Sheet HIGH-PERFORMING STUDENTS
A1: HIGH-PERFORMING STUDENTS
A3: TOP 10 STUDENTS BY OVERALL SCORE | E3: TOP DEPARTMENT BY AVG OVERALL SCORE
A4: NAME | B4: OVERALL SCORE | C4: DEPARTMENT
A5: =IFERROR(INDEX(Dataset!$B$2:$B$251,MATCH(ROWS($A$5:A5),Dataset!$U$2:$U$251,0)),"") -> Student_046 | B5: =IFERROR(INDEX(Dataset!$Q$2:$Q$251,MATCH(ROWS($A$5:A5),Dataset!$U$2:$U$251,0)),"") -> 93.65 | C5: =IFERROR(INDEX(Dataset!$C$2:$C$251,MATCH(ROWS($A$5:A5),Dataset!$U$2:$U$251,0)),"") -> AI-ML | E5: =INDEX(ANALYSIS!$A$4:$A$8,MATCH(MAX(ANALYSIS!$C$4:$C$8),ANALYSIS!$C$4:$C$8,0)) -> AI-ML
A6: =IFERROR(INDEX(Dataset!$B$2:$B$251,MATCH(ROWS($A$5:A6),Dataset!$U$2:$U$251,0)),"") -> Student_021 | B6: =IFERROR(INDEX(Dataset!$Q$2:$Q$251,MATCH(ROWS($A$5:A6),Dataset!$U$2:$U$251,0)),"") -> 91.62 | C6: =IFERROR(INDEX(Dataset!$C$2:$C$251,MATCH(ROWS($A$5:A6),Dataset!$U$2:$U$251,0)),"") -> AI-ML
A7: =IFERROR(INDEX(Dataset!$B$2:$B$251,MATCH(ROWS($A$5:A7),Dataset!$U$2:$U$251,0)),"") -> Student_028 | B7: =IFERROR(INDEX(Dataset!$Q$2:$Q$251,MATCH(ROWS($A$5:A7),Dataset!$U$2:$U$251,0)),"") -> 91.51 | C7: =IFERROR(INDEX(Dataset!$C$2:$C$251,MATCH(ROWS($A$5:A7),Dataset!$U$2:$U$251,0)),"") -> AI-ML | E7: LARGEST DEPARTMENT (MOST STUDENTS)
A8: =IFERROR(INDEX(Dataset!$B$2:$B$251,MATCH(ROWS($A$5:A8),Dataset!$U$2:$U$251,0)),"") -> Student_138 | B8: =IFERROR(INDEX(Dataset!$Q$2:$Q$251,MATCH(ROWS($A$5:A8),Dataset!$U$2:$U$251,0)),"") -> 91.45 | C8: =IFERROR(INDEX(Dataset!$C$2:$C$251,MATCH(ROWS($A$5:A8),Dataset!$U$2:$U$251,0)),"") -> Data Science
A9: =IFERROR(INDEX(Dataset!$B$2:$B$251,MATCH(ROWS($A$5:A9),Dataset!$U$2:$U$251,0)),"") -> Student_192 | B9: =IFERROR(INDEX(Dataset!$Q$2:$Q$251,MATCH(ROWS($A$5:A9),Dataset!$U$2:$U$251,0)),"") -> 91.33 | C9: =IFERROR(INDEX(Dataset!$C$2:$C$251,MATCH(ROWS($A$5:A9),Dataset!$U$2:$U$251,0)),"") -> Electronics | E9: =INDEX(ANALYSIS!$A$4:$A$8,MATCH(MAX(ANALYSIS!$B$4:$B$8),ANALYSIS!$B$4:$B$8,0)) -> Computer Engineering
A10: =IFERROR(INDEX(Dataset!$B$2:$B$251,MATCH(ROWS($A$5:A10),Dataset!$U$2:$U$251,0)),"") -> Student_116 | B10: =IFERROR(INDEX(Dataset!$Q$2:$Q$251,MATCH(ROWS($A$5:A10),Dataset!$U$2:$U$251,0)),"") -> 91.31 | C10: =IFERROR(INDEX(Dataset!$C$2:$C$251,MATCH(ROWS($A$5:A10),Dataset!$U$2:$U$251,0)),"") -> Electronics
A11: =IFERROR(INDEX(Dataset!$B$2:$B$251,MATCH(ROWS($A$5:A11),Dataset!$U$2:$U$251,0)),"") -> Student_215 | B11: =IFERROR(INDEX(Dataset!$Q$2:$Q$251,MATCH(ROWS($A$5:A11),Dataset!$U$2:$U$251,0)),"") -> 89.69 | C11: =IFERROR(INDEX(Dataset!$C$2:$C$251,MATCH(ROWS($A$5:A11),Dataset!$U$2:$U$251,0)),"") -> Data Science | E11: BEST DEPARTMENT BY PLACEMENT RATE
A12: =IFERROR(INDEX(Dataset!$B$2:$B$251,MATCH(ROWS($A$5:A12),Dataset!$U$2:$U$251,0)),"") -> Student_141 | B12: =IFERROR(INDEX(Dataset!$Q$2:$Q$251,MATCH(ROWS($A$5:A12),Dataset!$U$2:$U$251,0)),"") -> 89.54 | C12: =IFERROR(INDEX(Dataset!$C$2:$C$251,MATCH(ROWS($A$5:A12),Dataset!$U$2:$U$251,0)),"") -> Electronics
A13: =IFERROR(INDEX(Dataset!$B$2:$B$251,MATCH(ROWS($A$5:A13),Dataset!$U$2:$U$251,0)),"") -> Student_030 | B13: =IFERROR(INDEX(Dataset!$Q$2:$Q$251,MATCH(ROWS($A$5:A13),Dataset!$U$2:$U$251,0)),"") -> 89.35 | C13: =IFERROR(INDEX(Dataset!$C$2:$C$251,MATCH(ROWS($A$5:A13),Dataset!$U$2:$U$251,0)),"") -> Computer Engineering | E13: =INDEX(ANALYSIS!$A$4:$A$8,MATCH(MAX(ANALYSIS!$F$4:$F$8),ANALYSIS!$F$4:$F$8,0)) -> AI-ML
A14: =IFERROR(INDEX(Dataset!$B$2:$B$251,MATCH(ROWS($A$5:A14),Dataset!$U$2:$U$251,0)),"") -> Student_231 | B14: =IFERROR(INDEX(Dataset!$Q$2:$Q$251,MATCH(ROWS($A$5:A14),Dataset!$U$2:$U$251,0)),"") -> 88.74 | C14: =IFERROR(INDEX(Dataset!$C$2:$C$251,MATCH(ROWS($A$5:A14),Dataset!$U$2:$U$251,0)),"") -> Data Science
A18: UNIQUE STUDENT LIST
A19: NAME | B19: OVERALL SCORE | C19: PROJECTS | D19: PLACEMENT STATUS
A20: Student_001 | B20: =IFERROR(SUMIF(Dataset!B:B,A20,Dataset!Q:Q),0) -> 80.37 | C20: =IFERROR(SUMIF(Dataset!B:B,A20,Dataset!K:K),0) -> 2 | D20: =IFERROR(INDEX(Dataset!P:P,MATCH(A20,Dataset!B:B,0)),"Not Found") -> Placed
A21: Student_002 | B21: =IFERROR(SUMIF(Dataset!B:B,A21,Dataset!Q:Q),0) -> 68.57 | C21: =IFERROR(SUMIF(Dataset!B:B,A21,Dataset!K:K),0) -> 2 | D21: =IFERROR(INDEX(Dataset!P:P,MATCH(A21,Dataset!B:B,0)),"Not Found") -> Not Placed
A22: Student_003 | B22: =IFERROR(SUMIF(Dataset!B:B,A22,Dataset!Q:Q),0) -> 88.2 | C22: =IFERROR(SUMIF(Dataset!B:B,A22,Dataset!K:K),0) -> 5 | D22: =IFERROR(INDEX(Dataset!P:P,MATCH(A22,Dataset!B:B,0)),"Not Found") -> Not Placed
A23: Student_004 | B23: =IFERROR(SUMIF(Dataset!B:B,A23,Dataset!Q:Q),0) -> 70.72 | C23: =IFERROR(SUMIF(Dataset!B:B,A23,Dataset!K:K),0) -> 5 | D23: =IFERROR(INDEX(Dataset!P:P,MATCH(A23,Dataset!B:B,0)),"Not Found") -> Placed
A24: Student_005 | B24: =IFERROR(SUMIF(Dataset!B:B,A24,Dataset!Q:Q),0) -> 60.68 | C24: =IFERROR(SUMIF(Dataset!B:B,A24,Dataset!K:K),0) -> 2 | D24: =IFERROR(INDEX(Dataset!P:P,MATCH(A24,Dataset!B:B,0)),"Not Found") -> Placed
A25: Student_006 | B25: =IFERROR(SUMIF(Dataset!B:B,A25,Dataset!Q:Q),0) -> 61.35 | C25: =IFERROR(SUMIF(Dataset!B:B,A25,Dataset!K:K),0) -> 3 | D25: =IFERROR(INDEX(Dataset!P:P,MATCH(A25,Dataset!B:B,0)),"Not Found") -> Not Placed
A26: Student_007 | B26: =IFERROR(SUMIF(Dataset!B:B,A26,Dataset!Q:Q),0) -> 83.05 | C26: =IFERROR(SUMIF(Dataset!B:B,A26,Dataset!K:K),0) -> 0 | D26: =IFERROR(INDEX(Dataset!P:P,MATCH(A26,Dataset!B:B,0)),"Not Found") -> Not Placed
A27: Student_008 | B27: =IFERROR(SUMIF(Dataset!B:B,A27,Dataset!Q:Q),0) -> 81.22 | C27: =IFERROR(SUMIF(Dataset!B:B,A27,Dataset!K:K),0) -> 0 | D27: =IFERROR(INDEX(Dataset!P:P,MATCH(A27,Dataset!B:B,0)),"Not Found") -> Not Placed
A28: Student_009 | B28: =IFERROR(SUMIF(Dataset!B:B,A28,Dataset!Q:Q),0) -> 73.33 | C28: =IFERROR(SUMIF(Dataset!B:B,A28,Dataset!K:K),0) -> 5 | D28: =IFERROR(INDEX(Dataset!P:P,MATCH(A28,Dataset!B:B,0)),"Not Found") -> Placed
A29: Student_010 | B29: =IFERROR(SUMIF(Dataset!B:B,A29,Dataset!Q:Q),0) -> 61.21 | C29: =IFERROR(SUMIF(Dataset!B:B,A29,Dataset!K:K),0) -> 1 | D29: =IFERROR(INDEX(Dataset!P:P,MATCH(A29,Dataset!B:B,0)),"Not Found") -> Not Placed
A30: Student_011 | B30: =IFERROR(SUMIF(Dataset!B:B,A30,Dataset!Q:Q),0) -> 72.39 | C30: =IFERROR(SUMIF(Dataset!B:B,A30,Dataset!K:K),0) -> 5 | D30: =IFERROR(INDEX(Dataset!P:P,MATCH(A30,Dataset!B:B,0)),"Not Found") -> Not Placed
A31: Student_012 | B31: =IFERROR(SUMIF(Dataset!B:B,A31,Dataset!Q:Q),0) -> 81.41 | C31: =IFERROR(SUMIF(Dataset!B:B,A31,Dataset!K:K),0) -> 5 | D31: =IFERROR(INDEX(Dataset!P:P,MATCH(A31,Dataset!B:B,0)),"Not Found") -> Placed
... A269: Student_250 | B269: =IFERROR(SUMIF(Dataset!B:B,A269,Dataset!Q:Q),0) -> 81.76 | C269: =IFERROR(SUMIF(Dataset!B:B,A269,Dataset!K:K),0) -> 5 | D269: =IFERROR(INDEX(Dataset!P:P,MATCH(A269,Dataset!B:B,0)),"Not Found") -> Not Placed

Sheet ANALYSIS
A1: DEPARTMENT ANALYSIS
A3: UNIQUE DEPARTMENT | B3: TOTAL STUDENTS | C3: AVG OVERALL SCORE | D3: AVG ATTENDANCE % | E3: TOTAL CERTIFICATIONS | F3: PLACEMENT RATE
A4: AI-ML | B4: =IFERROR(COUNTIF(Dataset!C:C,A4),0) -> 48 | C4: =IFERROR(AVERAGEIF(Dataset!C:C,A4,Dataset!Q:Q),0) -> 77.141042 | D4: =IFERROR(AVERAGEIF(Dataset!C:C,A4,Dataset!F:F),0) -> 83.057447 | E4: =IFERROR(SUMIF(Dataset!C:C,A4,Dataset!L:L),0) -> 110 | F4: =IFERROR(SUMIF(Dataset!C:C,A4,Dataset!S:S)/B4,0) -> 0.66666667
A5: Computer Engineering | B5: =IFERROR(COUNTIF(Dataset!C:C,A5),0) -> 76 | C5: =IFERROR(AVERAGEIF(Dataset!C:C,A5,Dataset!Q:Q),0) -> 74.696053 | D5: =IFERROR(AVERAGEIF(Dataset!C:C,A5,Dataset!F:F),0) -> 80.417333 | E5: =IFERROR(SUMIF(Dataset!C:C,A5,Dataset!L:L),0) -> 176 | F5: =IFERROR(SUMIF(Dataset!C:C,A5,Dataset!S:S)/B5,0) -> 0.59210526
A6: Data Science | B6: =IFERROR(COUNTIF(Dataset!C:C,A6),0) -> 37 | C6: =IFERROR(AVERAGEIF(Dataset!C:C,A6,Dataset!Q:Q),0) -> 75.266757 | D6: =IFERROR(AVERAGEIF(Dataset!C:C,A6,Dataset!F:F),0) -> 79.980556 | E6: =IFERROR(SUMIF(Dataset!C:C,A6,Dataset!L:L),0) -> 58 | F6: =IFERROR(SUMIF(Dataset!C:C,A6,Dataset!S:S)/B6,0) -> 0.59459459
A7: Electronics | B7: =IFERROR(COUNTIF(Dataset!C:C,A7),0) -> 41 | C7: =IFERROR(AVERAGEIF(Dataset!C:C,A7,Dataset!Q:Q),0) -> 75.439756 | D7: =IFERROR(AVERAGEIF(Dataset!C:C,A7,Dataset!F:F),0) -> 80.3275 | E7: =IFERROR(SUMIF(Dataset!C:C,A7,Dataset!L:L),0) -> 79 | F7: =IFERROR(SUMIF(Dataset!C:C,A7,Dataset!S:S)/B7,0) -> 0.46341463
A8: IT | B8: =IFERROR(COUNTIF(Dataset!C:C,A8),0) -> 48 | C8: =IFERROR(AVERAGEIF(Dataset!C:C,A8,Dataset!Q:Q),0) -> 73.962708 | D8: =IFERROR(AVERAGEIF(Dataset!C:C,A8,Dataset!F:F),0) -> 82.574468 | E8: =IFERROR(SUMIF(Dataset!C:C,A8,Dataset!L:L),0) -> 103 | F8: =IFERROR(SUMIF(Dataset!C:C,A8,Dataset!S:S)/B8,0) -> 0.45833333
A9: ALL DEPARTMENTS | B9: =SUM(B4:B8) -> 250 | C9: =AVERAGE(Dataset!Q2:Q251) -> 75.23112 | D9: =AVERAGE(Dataset!F2:F251) -> 81.258776 | E9: =SUM(E4:E8) -> 526 | F9: =IFERROR(SUM(Dataset!S2:S251)/B9,0) -> 0.56
A12: CORRELATION ANALYSIS (PEARSON)
A13: RELATIONSHIP | B13: CORRELATION (r) | C13: STRENGTH | E13: STRENGTH CUT-OFFS | F13: |r| >=
A14: Attendance % vs Final Exam Score | B14: =IFERROR(CORREL(Dataset!F2:F251,Dataset!J2:J251),0) -> 0.27170946 | C14: =IF(ABS(B14)<$F$17,"Negligible",IF(ABS(B14)>=$F$15,"Strong",IF(ABS(B14)>=$F$16,"Moderate","Weak"))&IF(B14<0," negative"," positive")) -> Weak positive
A15: Study Hours vs Overall Score | B15: =IFERROR(CORREL(Dataset!G2:G251,Dataset!Q2:Q251),0) -> 0.21336574 | C15: =IF(ABS(B15)<$F$17,"Negligible",IF(ABS(B15)>=$F$15,"Strong",IF(ABS(B15)>=$F$16,"Moderate","Weak"))&IF(B15<0," negative"," positive")) -> Weak positive | E15: Strong | F15: 0.7
A16: Attendance % vs Overall Score | B16: =IFERROR(CORREL(Dataset!F2:F251,Dataset!Q2:Q251),0) -> 0.19424851 | C16: =IF(ABS(B16)<$F$17,"Negligible",IF(ABS(B16)>=$F$15,"Strong",IF(ABS(B16)>=$F$16,"Moderate","Weak"))&IF(B16<0," negative"," positive")) -> Negligible | E16: Moderate | F16: 0.4
A17: Final Exam Score vs Overall Score | B17: =IFERROR(CORREL(Dataset!J2:J251,Dataset!Q2:Q251),0) -> 0.9137858 | C17: =IF(ABS(B17)<$F$17,"Negligible",IF(ABS(B17)>=$F$15,"Strong",IF(ABS(B17)>=$F$16,"Moderate","Weak"))&IF(B17<0," negative"," positive")) -> Strong positive | E17: Weak | F17: 0.2
A18: Overall Score vs Placed (1/0) | B18: =IFERROR(CORREL(Dataset!Q2:Q251,Dataset!S2:S251),0) -> 0.20880783 | C18: =IF(ABS(B18)<$F$17,"Negligible",IF(ABS(B18)>=$F$15,"Strong",IF(ABS(B18)>=$F$16,"Moderate","Weak"))&IF(B18<0," negative"," positive")) -> Weak positive
A19: Backlogs vs Placed (1/0) | B19: =IFERROR(CORREL(Dataset!M2:M251,Dataset!S2:S251),0) -> -0.2107664 | C19: =IF(ABS(B19)<$F$17,"Negligible",IF(ABS(B19)>=$F$15,"Strong",IF(ABS(B19)>=$F$16,"Moderate","Weak"))&IF(B19<0," negative"," positive")) -> Weak negative
A20: Projects Completed vs Placed (1/0) | B20: =IFERROR(CORREL(Dataset!K2:K251,Dataset!S2:S251),0) -> 0.12074099 | C20: =IF(ABS(B20)<$F$17,"Negligible",IF(ABS(B20)>=$F$15,"Strong",IF(ABS(B20)>=$F$16,"Moderate","Weak"))&IF(B20<0," negative"," positive")) -> Negligible
A21: Certifications vs Placed (1/0) | B21: =IFERROR(CORREL(Dataset!L2:L251,Dataset!S2:S251),0) -> -0.037785716 | C21: =IF(ABS(B21)<$F$17,"Negligible",IF(ABS(B21)>=$F$15,"Strong",IF(ABS(B21)>=$F$16,"Moderate","Weak"))&IF(B21<0," negative"," positive")) -> Negligible

Sheet PIVOT TABLE
A1: PIVOT TABLE
A3: 1. AVERAGE OVERALL SCORE BY DEPARTMENT | T3: SCATTER DATA: Attendance vs Final Exam | W3: SCATTER DATA: Study Hours vs Overall
A4: Row Labels | B4: Average of Overall_Score | C4: Count of Student_ID | T4: Attendance_% | U4: Final_Exam_Score | W4: Study_Hours | X4: Overall_Score
A5: AI-ML | B5: =IFERROR(AVERAGEIF(Dataset!$C:$C,$A5,Dataset!$Q:$Q),0) -> 77.141042 | C5: =COUNTIF(Dataset!$C:$C,$A5) -> 48 | T5: =Dataset!F2 -> 76.4 | U5: =Dataset!J2 -> 74.9 | W5: =Dataset!G2 -> 1.9 | X5: =Dataset!Q2 -> 80.37
A6: Computer Engineering | B6: =IFERROR(AVERAGEIF(Dataset!$C:$C,$A6,Dataset!$Q:$Q),0) -> 74.696053 | C6: =COUNTIF(Dataset!$C:$C,$A6) -> 76 | T6: =Dataset!F3 -> 62.3 | U6: =Dataset!J3 -> 66.1 | W6: =Dataset!G3 -> 5.8 | X6: =Dataset!Q3 -> 68.57
A7: Data Science | B7: =IFERROR(AVERAGEIF(Dataset!$C:$C,$A7,Dataset!$Q:$Q),0) -> 75.266757 | C7: =COUNTIF(Dataset!$C:$C,$A7) -> 37 | T7: =Dataset!F4 -> 89.7 | U7: =Dataset!J4 -> 94 | W7: =Dataset!G4 -> 8.4 | X7: =Dataset!Q4 -> 88.2
A8: Electronics | B8: =IFERROR(AVERAGEIF(Dataset!$C:$C,$A8,Dataset!$Q:$Q),0) -> 75.439756 | C8: =COUNTIF(Dataset!$C:$C,$A8) -> 41 | T8: =Dataset!F5 -> 73.1 | U8: =Dataset!J5 -> 80 | W8: =Dataset!G5 -> 6.1 | X8: =Dataset!Q5 -> 70.72
A9: IT | B9: =IFERROR(AVERAGEIF(Dataset!$C:$C,$A9,Dataset!$Q:$Q),0) -> 73.962708 | C9: =COUNTIF(Dataset!$C:$C,$A9) -> 48 | T9: =Dataset!F7 -> 90.7 | U9: =Dataset!J7 -> 62.7 | W9: =Dataset!G6 -> 4 | X9: =Dataset!Q6 -> 60.68
A10: Grand Total | B10: =AVERAGE(Dataset!$Q$2:$Q$251) -> 75.23112 | C10: =SUM(C5:C9) -> 250 | T10: =Dataset!F8 -> 73.2 | U10: =Dataset!J8 -> 84.4 | W10: =Dataset!G7 -> 5.7 | X10: =Dataset!Q7 -> 61.35
T11: =Dataset!F9 -> 82.7 | U11: =Dataset!J9 -> 82.5 | W11: =Dataset!G8 -> 7.7 | X11: =Dataset!Q8 -> 83.05
A12: 2. PLACEMENT RATE BY DEPARTMENT | T12: =Dataset!F10 -> 95.7 | U12: =Dataset!J10 -> 71.9 | W12: =Dataset!G9 -> 7.6 | X12: =Dataset!Q9 -> 81.22
A13: Row Labels | B13: Placed | C13: Not Placed | D13: Total | E13: Placement Rate | T13: =Dataset!F11 -> 59.9 | U13: =Dataset!J11 -> 55.4 | W13: =Dataset!G10 -> 3 | X13: =Dataset!Q10 -> 73.33
A14: AI-ML | B14: =COUNTIFS(Dataset!$C:$C,$A14,Dataset!$P:$P,"Placed") -> 32 | C14: =COUNTIFS(Dataset!$C:$C,$A14,Dataset!$P:$P,"Not Placed") -> 16 | D14: =B14+C14 -> 48 | E14: =IFERROR(B14/D14,0) -> 0.66666667 | T14: =Dataset!F12 -> 74.7 | U14: =Dataset!J12 -> 75.2 | W14: =Dataset!G11 -> 5.7 | X14: =Dataset!Q11 -> 61.21
A15: Computer Engineering | B15: =COUNTIFS(Dataset!$C:$C,$A15,Dataset!$P:$P,"Placed") -> 45 | C15: =COUNTIFS(Dataset!$C:$C,$A15,Dataset!$P:$P,"Not Placed") -> 31 | D15: =B15+C15 -> 76 | E15: =IFERROR(B15/D15,0) -> 0.59210526 | T15: =Dataset!F13 -> 73.9 | U15: =Dataset!J13 -> 84.6 | W15: =Dataset!G12 -> 4.5 | X15: =Dataset!Q12 -> 72.39
A16: Data Science | B16: =COUNTIFS(Dataset!$C:$C,$A16,Dataset!$P:$P,"Placed") -> 22 | C16: =COUNTIFS(Dataset!$C:$C,$A16,Dataset!$P:$P,"Not Placed") -> 15 | D16: =B16+C16 -> 37 | E16: =IFERROR(B16/D16,0) -> 0.59459459 | T16: =Dataset!F14 -> 80.3 | U16: =Dataset!J14 -> 61.3 | W16: =Dataset!G13 -> 6.3 | X16: =Dataset!Q13 -> 81.41
A17: Electronics | B17: =COUNTIFS(Dataset!$C:$C,$A17,Dataset!$P:$P,"Placed") -> 19 | C17: =COUNTIFS(Dataset!$C:$C,$A17,Dataset!$P:$P,"Not Placed") -> 22 | D17: =B17+C17 -> 41 | E17: =IFERROR(B17/D17,0) -> 0.46341463 | T17: =Dataset!F15 -> 81.6 | U17: =Dataset!J15 -> 81.2 | W17: =Dataset!G14 -> 5.5 | X17: =Dataset!Q14 -> 64.19
A18: IT | B18: =COUNTIFS(Dataset!$C:$C,$A18,Dataset!$P:$P,"Placed") -> 22 | C18: =COUNTIFS(Dataset!$C:$C,$A18,Dataset!$P:$P,"Not Placed") -> 26 | D18: =B18+C18 -> 48 | E18: =IFERROR(B18/D18,0) -> 0.45833333 | T18: =Dataset!F16 -> 72.4 | U18: =Dataset!J16 -> 79.5 | W18: =Dataset!G15 -> 1 | X18: =Dataset!Q15 -> 79.04
A19: Grand Total | B19: =SUM(B14:B18) -> 140 | C19: =SUM(C14:C18) -> 110 | D19: =SUM(D14:D18) -> 250 | E19: =IFERROR(B19/D19,0) -> 0.56 | T19: =Dataset!F17 -> 76.1 | U19: =Dataset!J17 -> 70.6 | W19: =Dataset!G16 -> 4.2 | X19: =Dataset!Q16 -> 71.81
T20: =Dataset!F18 -> 75 | U20: =Dataset!J18 -> 73.3 | W20: =Dataset!G17 -> 5.2 | X20: =Dataset!Q17 -> 71.36
A21: 3. INTERNSHIP vs PLACEMENT STATUS | T21: =Dataset!F19 -> 78.8 | U21: =Dataset!J19 -> 74.7 | W21: =Dataset!G18 -> 2.2 | X21: =Dataset!Q18 -> 69.57
A22: Internship | B22: Placed | C22: Not Placed | D22: Total | E22: Placement Rate | T22: =Dataset!F20 -> 84 | U22: =Dataset!J20 -> 69.2 | W22: =Dataset!G19 -> 5.8 | X22: =Dataset!Q19 -> 74.08
A23: No | B23: =COUNTIFS(Dataset!$N:$N,$A23,Dataset!$P:$P,"Placed") -> 76 | C23: =COUNTIFS(Dataset!$N:$N,$A23,Dataset!$P:$P,"Not Placed") -> 70 | D23: =B23+C23 -> 146 | E23: =IFERROR(B23/D23,0) -> 0.52054795 | T23: =Dataset!F21 -> 90.2 | U23: =Dataset!J21 -> 72.4 | W23: =Dataset!G20 -> 2.1 | X23: =Dataset!Q20 -> 68.33
A24: Yes | B24: =COUNTIFS(Dataset!$N:$N,$A24,Dataset!$P:$P,"Placed") -> 64 | C24: =COUNTIFS(Dataset!$N:$N,$A24,Dataset!$P:$P,"Not Placed") -> 40 | D24: =B24+C24 -> 104 | E24: =IFERROR(B24/D24,0) -> 0.61538462 | T24: =Dataset!F22 -> 91.5 | U24: =Dataset!J22 -> 100 | W24: =Dataset!G21 -> 3.4 | X24: =Dataset!Q21 -> 74.04
A25: Grand Total | B25: =SUM(B23:B24) -> 140 | C25: =SUM(C23:C24) -> 110 | D25: =SUM(D23:D24) -> 250 | E25: =IFERROR(B25/D25,0) -> 0.56 | T25: =Dataset!F23 -> 87.9 | U25: =Dataset!J23 -> 70.5 | W25: =Dataset!G22 -> 7.2 | X25: =Dataset!Q22 -> 91.62
T26: =Dataset!F24 -> 74.1 | U26: =Dataset!J24 -> 84.9 | W26: =Dataset!G23 -> 3.2 | X26: =Dataset!Q23 -> 69.74
A27: 4. BACKLOGS vs PLACEMENT STATUS | T27: =Dataset!F25 -> 82 | U27: =Dataset!J25 -> 80.8 | W27: =Dataset!G24 -> 5.8 | X27: =Dataset!Q24 -> 83.78
A28: Backlogs | B28: Placed | C28: Not Placed | D28: Total | E28: Placement Rate | T28: =Dataset!F26 -> 100 | U28: =Dataset!J26 -> 92.4 | W28: =Dataset!G25 -> 1.6 | X28: =Dataset!Q25 -> 87.22
A29: 0 | B29: =COUNTIFS(Dataset!$M:$M,$A29,Dataset!$P:$P,"Placed") -> 90 | C29: =COUNTIFS(Dataset!$M:$M,$A29,Dataset!$P:$P,"Not Placed") -> 53 | D29: =B29+C29 -> 143 | E29: =IFERROR(B29/D29,0) -> 0.62937063 | T29: =Dataset!F27 -> 91.1 | U29: =Dataset!J27 -> 82.2 | W29: =Dataset!G26 -> 8.5 | X29: =Dataset!Q26 -> 76.8
A30: 1 | B30: =COUNTIFS(Dataset!$M:$M,$A30,Dataset!$P:$P,"Placed") -> 36 | C30: =COUNTIFS(Dataset!$M:$M,$A30,Dataset!$P:$P,"Not Placed") -> 24 | D30: =B30+C30 -> 60 | E30: =IFERROR(B30/D30,0) -> 0.6 | T30: =Dataset!F28 -> 78 | U30: =Dataset!J28 -> 93.7 | W30: =Dataset!G27 -> 4.3 | X30: =Dataset!Q27 -> 71.55
A31: 2 | B31: =COUNTIFS(Dataset!$M:$M,$A31,Dataset!$P:$P,"Placed") -> 9 | C31: =COUNTIFS(Dataset!$M:$M,$A31,Dataset!$P:$P,"Not Placed") -> 25 | D31: =B31+C31 -> 34 | E31: =IFERROR(B31/D31,0) -> 0.26470588 | T31: =Dataset!F29 -> 96.2 | U31: =Dataset!J29 -> 97.2 | W31: =Dataset!G28 -> 5 | X31: =Dataset!Q28 -> 87.28
A32: 3 | B32: =COUNTIFS(Dataset!$M:$M,$A32,Dataset!$P:$P,"Placed") -> 3 | C32: =COUNTIFS(Dataset!$M:$M,$A32,Dataset!$P:$P,"Not Placed") -> 6 | D32: =B32+C32 -> 9 | E32: =IFERROR(B32/D32,0) -> 0.33333333 | T32: =Dataset!F30 -> 78.5 | U32: =Dataset!J30 -> 78.8 | W32: =Dataset!G29 -> 5.1 | X32: =Dataset!Q29 -> 91.51
A33: 4 | B33: =COUNTIFS(Dataset!$M:$M,$A33,Dataset!$P:$P,"Placed") -> 2 | C33: =COUNTIFS(Dataset!$M:$M,$A33,Dataset!$P:$P,"Not Placed") -> 2 | D33: =B33+C33 -> 4 | E33: =IFERROR(B33/D33,0) -> 0.5 | T33: =Dataset!F31 -> 76 | U33: =Dataset!J31 -> 88.7 | W33: =Dataset!G30 -> 5.9 | X33: =Dataset!Q30 -> 79.84
A34: Grand Total | B34: =SUM(B29:B33) -> 140 | C34: =SUM(C29:C33) -> 110 | D34: =SUM(D29:D33) -> 250 | E34: =IFERROR(B34/D34,0) -> 0.56 | T34: =Dataset!F32 -> 94.6 | U34: =Dataset!J32 -> 81.8 | W34: =Dataset!G31 -> 2.1 | X34: =Dataset!Q31 -> 89.35
T35: =Dataset!F33 -> 70.2 | U35: =Dataset!J33 -> 79.8 | W35: =Dataset!G32 -> 4.8 | X35: =Dataset!Q32 -> 79.14
A36: 5. GENDER-WISE AVERAGE SCORE | T36: =Dataset!F34 -> 64.8 | U36: =Dataset!J34 -> 67.6 | W36: =Dataset!G33 -> 3.6 | X36: =Dataset!Q33 -> 75.63
A37: Row Labels | B37: Average of Overall_Score | C37: Average of Final_Exam_Score | D37: Count of Student_ID | T37: =Dataset!F35 -> 90.5 | U37: =Dataset!J35 -> 85.7 | W37: =Dataset!G34 -> 1.8 | X37: =Dataset!Q34 -> 64.93
A38: Female | B38: =IFERROR(AVERAGEIF(Dataset!$D:$D,$A38,Dataset!$Q:$Q),0) -> 74.595175 | C38: =IFERROR(AVERAGEIF(Dataset!$D:$D,$A38,Dataset!$J:$J),0) -> 75.72193 | D38: =COUNTIF(Dataset!$D:$D,$A38) -> 114 | T38: =Dataset!F36 -> 82.2 | U38: =Dataset!J36 -> 77.5 | W38: =Dataset!G35 -> 6.6 | X38: =Dataset!Q35 -> 85.13
A39: Male | B39: =IFERROR(AVERAGEIF(Dataset!$D:$D,$A39,Dataset!$Q:$Q),0) -> 75.764191 | C39: =IFERROR(AVERAGEIF(Dataset!$D:$D,$A39,Dataset!$J:$J),0) -> 77.964706 | D39: =COUNTIF(Dataset!$D:$D,$A39) -> 136 | T39: =Dataset!F37 -> 83.1 | U39: =Dataset!J37 -> 86.8 | W39: =Dataset!G36 -> 4.2 | X39: =Dataset!Q36 -> 72.01
A40: Grand Total | B40: =AVERAGE(Dataset!$Q$2:$Q$251) -> 75.23112 | C40: =AVERAGE(Dataset!$J$2:$J$251) -> 76.942 | D40: =SUM(D38:D39) -> 250 | T40: =Dataset!F38 -> 78.7 | U40: =Dataset!J38 -> 67.3 | W40: =Dataset!G37 -> 5.2 | X40: =Dataset!Q37 -> 83.01
T41: =Dataset!F39 -> 79.9 | U41: =Dataset!J39 -> 83.7 | W41: =Dataset!G38 -> 5.1 | X41: =Dataset!Q38 -> 76.59
A42: 6. DEPARTMENT-WISE CERTIFICATION COUNT | T42: =Dataset!F40 -> 77.9 | U42: =Dataset!J40 -> 90.3 | W42: =Dataset!G39 -> 4.2 | X42: =Dataset!Q39 -> 80.78
A43: Row Labels | B43: Sum of Certifications | C43: Certifications per Student | T43: =Dataset!F41 -> 76.4 | U43: =Dataset!J41 -> 68.2 | W43: =Dataset!G40 -> 8.4 | X43: =Dataset!Q40 -> 88.51
A44: AI-ML | B44: =SUMIF(Dataset!$C:$C,$A44,Dataset!$L:$L) -> 110 | C44: =IFERROR(B44/COUNTIF(Dataset!$C:$C,$A44),0) -> 2.2916667 | T44: =Dataset!F42 -> 78.6 | U44: =Dataset!J42 -> 60.6 | W44: =Dataset!G41 -> 4.7 | X44: =Dataset!Q41 -> 70.6
A45: Computer Engineering | B45: =SUMIF(Dataset!$C:$C,$A45,Dataset!$L:$L) -> 176 | C45: =IFERROR(B45/COUNTIF(Dataset!$C:$C,$A45),0) -> 2.3157895 | T45: =Dataset!F43 -> 78.3 | U45: =Dataset!J43 -> 66.1 | W45: =Dataset!G42 -> 2 | X45: =Dataset!Q42 -> 63.89
A46: Data Science | B46: =SUMIF(Dataset!$C:$C,$A46,Dataset!$L:$L) -> 58 | C46: =IFERROR(B46/COUNTIF(Dataset!$C:$C,$A46),0) -> 1.5675676 | T46: =Dataset!F44 -> 74.5 | U46: =Dataset!J44 -> 78.2 | W46: =Dataset!G43 -> 4.1 | X46: =Dataset!Q43 -> 64.48
A47: Electronics | B47: =SUMIF(Dataset!$C:$C,$A47,Dataset!$L:$L) -> 79 | C47: =IFERROR(B47/COUNTIF(Dataset!$C:$C,$A47),0) -> 1.9268293 | T47: =Dataset!F45 -> 77.1 | U47: =Dataset!J45 -> 72 | W47: =Dataset!G44 -> 5.7 | X47: =Dataset!Q44 -> 73.52
A48: IT | B48: =SUMIF(Dataset!$C:$C,$A48,Dataset!$L:$L) -> 103 | C48: =IFERROR(B48/COUNTIF(Dataset!$C:$C,$A48),0) -> 2.1458333 | T48: =Dataset!F46 -> 59.5 | U48: =Dataset!J46 -> 72.7 | W48: =Dataset!G45 -> 5.8 | X48: =Dataset!Q45 -> 74.69
A49: Grand Total | B49: =SUM(B44:B48) -> 526 | C49: =IFERROR(B49/COUNTA(Dataset!$A$2:$A$251),0) -> 2.104 | T49: =Dataset!F47 -> 88.2 | U49: =Dataset!J47 -> 97.5 | W49: =Dataset!G46 -> 2.8 | X49: =Dataset!Q46 -> 75.08
T50: =Dataset!F48 -> 85.5 | U50: =Dataset!J48 -> 86 | W50: =Dataset!G47 -> 6.5 | X50: =Dataset!Q47 -> 93.65
A51: 7. AVERAGE STIPEND BY DEPARTMENT (₹ / month) | T51: =Dataset!F49 -> 81.2 | U51: =Dataset!J49 -> 75 | W51: =Dataset!G48 -> 1.6 | X51: =Dataset!Q48 -> 81.45
A52: Row Labels | B52: Avg Stipend (All Students) | C52: Avg Stipend (Interns Only) | D52: Interns | T52: =Dataset!F50 -> 84.1 | U52: =Dataset!J50 -> 64.2 | W52: =Dataset!G49 -> 6.9 | X52: =Dataset!Q49 -> 75
A53: AI-ML | B53: =IFERROR(AVERAGEIF(Dataset!$C:$C,$A53,Dataset!$O:$O),0) -> 4485.7708 | C53: =IFERROR(AVERAGEIFS(Dataset!$O:$O,Dataset!$C:$C,$A53,Dataset!$N:$N,"Yes"),0) -> 12665.706 | D53: =COUNTIFS(Dataset!$C:$C,$A53,Dataset!$N:$N,"Yes") -> 17 | T53: =Dataset!F51 -> 84.5 | U53: =Dataset!J51 -> 83.7 | W53: =Dataset!G50 -> 2.4 | X53: =Dataset!Q50 -> 64.26
A54: Computer Engineering | B54: =IFERROR(AVERAGEIF(Dataset!$C:$C,$A54,Dataset!$O:$O),0) -> 5223.6316 | C54: =IFERROR(AVERAGEIFS(Dataset!$O:$O,Dataset!$C:$C,$A54,Dataset!$N:$N,"Yes"),0) -> 12806.323 | D54: =COUNTIFS(Dataset!$C:$C,$A54,Dataset!$N:$N,"Yes") -> 31 | T54: =Dataset!F52 -> 75.5 | U54: =Dataset!J52 -> 87.5 | W54: =Dataset!G51 -> 4.4 | X54: =Dataset!Q51 -> 82.14
A55: Data Science | B55: =IFERROR(AVERAGEIF(Dataset!$C:$C,$A55,Dataset!$O:$O),0) -> 6234.3243 | C55: =IFERROR(AVERAGEIFS(Dataset!$O:$O,Dataset!$C:$C,$A55,Dataset!$N:$N,"Yes"),0) -> 12140.526 | D55: =COUNTIFS(Dataset!$C:$C,$A55,Dataset!$N:$N,"Yes") -> 19 | T55: =Dataset!F53 -> 77.2 | U55: =Dataset!J53 -> 80.2 | W55: =Dataset!G52 -> 6.7 | X55: =Dataset!Q52 -> 79.74
A56: Electronics | B56: =IFERROR(AVERAGEIF(Dataset!$C:$C,$A56,Dataset!$O:$O),0) -> 5285.4634 | C56: =IFERROR(AVERAGEIFS(Dataset!$O:$O,Dataset!$C:$C,$A56,Dataset!$N:$N,"Yes"),0) -> 11405.474 | D56: =COUNTIFS(Dataset!$C:$C,$A56,Dataset!$N:$N,"Yes") -> 19 | T56: =Dataset!F54 -> 86.8 | U56: =Dataset!J54 -> 81.4 | W56: =Dataset!G53 -> 5 | X56: =Dataset!Q53 -> 80.82
A57: IT | B57: =IFERROR(AVERAGEIF(Dataset!$C:$C,$A57,Dataset!$O:$O),0) -> 4667.1042 | C57: =IFERROR(AVERAGEIFS(Dataset!$O:$O,Dataset!$C:$C,$A57,Dataset!$N:$N,"Yes"),0) -> 12445.611 | D57: =COUNTIFS(Dataset!$C:$C,$A57,Dataset!$N:$N,"Yes") -> 18 | T57: =Dataset!F55 -> 83.9 | U57: =Dataset!J55 -> 61.5 | W57: =Dataset!G54 -> 6.3 | X57: =Dataset!Q54 -> 71.7
A58: Grand Total | B58: =AVERAGE(Dataset!$O$2:$O$251) -> 5134.832 | C58: =IFERROR(AVERAGEIF(Dataset!$O$2:$O$251,">0"),0) -> 12343.346 | D58: =SUM(D53:D57) -> 104 | T58: =Dataset!F56 -> 100 | U58: =Dataset!J56 -> 75.9 | W58: =Dataset!G55 -> 5.9 | X58: =Dataset!Q55 -> 64.36
T59: =Dataset!F57 -> 96.6 | U59: =Dataset!J57 -> 84.7 | W59: =Dataset!G56 -> 7.1 | X59: =Dataset!Q56 -> 74.62
A60: 8. SEMESTER-WISE PERFORMANCE | T60: =Dataset!F58 -> 90.4 | U60: =Dataset!J58 -> 71.2 | W60: =Dataset!G57 -> 6.7 | X60: =Dataset!Q57 -> 77.88
A61: Row Labels | B61: Average of Overall_Score | C61: Average of Attendance_% | D61: Count of Student_ID | E61: Placement Rate | T61: =Dataset!F59 -> 75.1 | U61: =Dataset!J59 -> 77.3 | W61: =Dataset!G58 -> 4 | X61: =Dataset!Q58 -> 75.18
A62: 1 | B62: =IFERROR(AVERAGEIF(Dataset!$E:$E,$A62,Dataset!$Q:$Q),0) -> 75.435676 | C62: =IFERROR(AVERAGEIF(Dataset!$E:$E,$A62,Dataset!$F:$F),0) -> 82.638889 | D62: =COUNTIF(Dataset!$E:$E,$A62) -> 37 | E62: =IFERROR(SUMIF(Dataset!$E:$E,$A62,Dataset!$S:$S)/D62,0) -> 0.56756757 | T62: =Dataset!F60 -> 76.9 | U62: =Dataset!J60 -> 55.9 | W62: =Dataset!G59 -> 5.9 | X62: =Dataset!Q59 -> 80.7
A63: 2 | B63: =IFERROR(AVERAGEIF(Dataset!$E:$E,$A63,Dataset!$Q:$Q),0) -> 77.779429 | C63: =IFERROR(AVERAGEIF(Dataset!$E:$E,$A63,Dataset!$F:$F),0) -> 80.23125 | D63: =COUNTIF(Dataset!$E:$E,$A63) -> 35 | E63: =IFERROR(SUMIF(Dataset!$E:$E,$A63,Dataset!$S:$S)/D63,0) -> 0.51428571 | T63: =Dataset!F61 -> 73 | U63: =Dataset!J61 -> 67.8 | W63: =Dataset!G60 -> 2.1 | X63: =Dataset!Q60 -> 56.34
A64: 3 | B64: =IFERROR(AVERAGEIF(Dataset!$E:$E,$A64,Dataset!$Q:$Q),0) -> 76.215484 | C64: =IFERROR(AVERAGEIF(Dataset!$E:$E,$A64,Dataset!$F:$F),0) -> 81.306452 | D64: =COUNTIF(Dataset!$E:$E,$A64) -> 31 | E64: =IFERROR(SUMIF(Dataset!$E:$E,$A64,Dataset!$S:$S)/D64,0) -> 0.67741935 | T64: =Dataset!F62 -> 84.5 | U64: =Dataset!J62 -> 75.2 | W64: =Dataset!G61 -> 4.7 | X64: =Dataset!Q61 -> 61.64
A65: 4 | B65: =IFERROR(AVERAGEIF(Dataset!$E:$E,$A65,Dataset!$Q:$Q),0) -> 72.873 | C65: =IFERROR(AVERAGEIF(Dataset!$E:$E,$A65,Dataset!$F:$F),0) -> 82.984211 | D65: =COUNTIF(Dataset!$E:$E,$A65) -> 20 | E65: =IFERROR(SUMIF(Dataset!$E:$E,$A65,Dataset!$S:$S)/D65,0) -> 0.55 | T65: =Dataset!F63 -> 57.3 | U65: =Dataset!J63 -> 72.9 | W65: =Dataset!G62 -> 6.3 | X65: =Dataset!Q62 -> 78.74
A66: 5 | B66: =IFERROR(AVERAGEIF(Dataset!$E:$E,$A66,Dataset!$Q:$Q),0) -> 74.409211 | C66: =IFERROR(AVERAGEIF(Dataset!$E:$E,$A66,Dataset!$F:$F),0) -> 81.647368 | D66: =COUNTIF(Dataset!$E:$E,$A66) -> 38 | E66: =IFERROR(SUMIF(Dataset!$E:$E,$A66,Dataset!$S:$S)/D66,0) -> 0.47368421 | T66: =Dataset!F64 -> 77.9 | U66: =Dataset!J64 -> 90.3 | W66: =Dataset!G63 -> 5 | X66: =Dataset!Q63 -> 73.31
A67: 6 | B67: =IFERROR(AVERAGEIF(Dataset!$E:$E,$A67,Dataset!$Q:$Q),0) -> 73.739697 | C67: =IFERROR(AVERAGEIF(Dataset!$E:$E,$A67,Dataset!$F:$F),0) -> 78.384848 | D67: =COUNTIF(Dataset!$E:$E,$A67) -> 33 | E67: =IFERROR(SUMIF(Dataset!$E:$E,$A67,Dataset!$S:$S)/D67,0) -> 0.51515152 | T67: =Dataset!F65 -> 79.2 | U67: =Dataset!J65 -> 80.7 | W67: =Dataset!G64 -> 5.6 | X67: =Dataset!Q64 -> 85.18
A68: 7 | B68: =IFERROR(AVERAGEIF(Dataset!$E:$E,$A68,Dataset!$Q:$Q),0) -> 77.300333 | C68: =IFERROR(AVERAGEIF(Dataset!$E:$E,$A68,Dataset!$F:$F),0) -> 84.423333 | D68: =COUNTIF(Dataset!$E:$E,$A68) -> 30 | E68: =IFERROR(SUMIF(Dataset!$E:$E,$A68,Dataset!$S:$S)/D68,0) -> 0.7 | T68: =Dataset!F66 -> 68.3 | U68: =Dataset!J66 -> 72.4 | W68: =Dataset!G65 -> 4.4 | X68: =Dataset!Q65 -> 81.91
A69: 8 | B69: =IFERROR(AVERAGEIF(Dataset!$E:$E,$A69,Dataset!$Q:$Q),0) -> 72.856538 | C69: =IFERROR(AVERAGEIF(Dataset!$E:$E,$A69,Dataset!$F:$F),0) -> 78.723077 | D69: =COUNTIF(Dataset!$E:$E,$A69) -> 26 | E69: =IFERROR(SUMIF(Dataset!$E:$E,$A69,Dataset!$S:$S)/D69,0) -> 0.5 | T69: =Dataset!F67 -> 89.2 | U69: =Dataset!J67 -> 79.6 | W69: =Dataset!G66 -> 6.8 | X69: =Dataset!Q66 -> 69.81
A70: Grand Total | B70: =AVERAGE(Dataset!$Q$2:$Q$251) -> 75.23112 | C70: =AVERAGE(Dataset!$F$2:$F$251) -> 81.258776 | D70: =SUM(D62:D69) -> 250 | E70: =IFERROR(SUM(Dataset!$S$2:$S$251)/D70,0) -> 0.56 | T70: =Dataset!F68 -> 71.7 | U70: =Dataset!J68 -> 72.6 | W70: =Dataset!G68 -> 4 | X70: =Dataset!Q68 -> 73.56
T71: =Dataset!F69 -> 84.4 | U71: =Dataset!J69 -> 94.3 | W71: =Dataset!G69 -> 6.4 | X71: =Dataset!Q69 -> 86.36
A72: 9. PLACED vs NOT PLACED | T72: =Dataset!F70 -> 100 | U72: =Dataset!J70 -> 67.2 | W72: =Dataset!G70 -> 2.3 | X72: =Dataset!Q70 -> 69.95
A73: Row Labels | B73: Count of Student_ID | C73: % of Total | D73: Average of Overall_Score | E73: Average of Final_Exam_Score | T73: =Dataset!F71 -> 67.5 | U73: =Dataset!J71 -> 79.2 | W73: =Dataset!G71 -> 5.7 | X73: =Dataset!Q71 -> 78.03
A74: Placed | B74: =COUNTIF(Dataset!$P:$P,$A74) -> 140 | C74: =IFERROR(B74/SUM(B$74:B$75),0) -> 0.56 | D74: =IFERROR(AVERAGEIF(Dataset!$P:$P,$A74,Dataset!$Q:$Q),0) -> 76.854286 | E74: =IFERROR(AVERAGEIF(Dataset!$P:$P,$A74,Dataset!$J:$J),0) -> 79.188571 | T74: =Dataset!F72 -> 80.7 | U74: =Dataset!J72 -> 82.9 | W74: =Dataset!G72 -> 2.9 | X74: =Dataset!Q72 -> 84.23
A75: Not Placed | B75: =COUNTIF(Dataset!$P:$P,$A75) -> 110 | C75: =IFERROR(B75/SUM(B$74:B$75),0) -> 0.44 | D75: =IFERROR(AVERAGEIF(Dataset!$P:$P,$A75,Dataset!$Q:$Q),0) -> 73.165273 | E75: =IFERROR(AVERAGEIF(Dataset!$P:$P,$A75,Dataset!$J:$J),0) -> 74.082727 | T75: =Dataset!F73 -> 78.3 | U75: =Dataset!J73 -> 84.9 | W75: =Dataset!G73 -> 7.1 | X75: =Dataset!Q73 -> 83.79
A76: Grand Total | B76: =SUM(B74:B75) -> 250 | C76: =SUM(C74:C75) -> 1 | D76: =AVERAGE(Dataset!$Q$2:$Q$251) -> 75.23112 | E76: =AVERAGE(Dataset!$J$2:$J$251) -> 76.942 | T76: =Dataset!F74 -> 76.6 | U76: =Dataset!J74 -> 53.3 | W76: =Dataset!G74 -> 4.3 | X76: =Dataset!Q74 -> 62.36
T77: =Dataset!F75 -> 88.8 | U77: =Dataset!J75 -> 74.3 | W77: =Dataset!G75 -> 5 | X77: =Dataset!Q75 -> 71.18
T78: =Dataset!F76 -> 92 | U78: =Dataset!J76 -> 80.7 | W78: =Dataset!G76 -> 5.5 | X78: =Dataset!Q76 -> 73.01
T79: =Dataset!F77 -> 88.9 | U79: =Dataset!J77 -> 74.1 | W79: =Dataset!G77 -> 1.3 | X79: =Dataset!Q77 -> 71.62
T80: =Dataset!F78 -> 75.5 | U80: =Dataset!J78 -> 64.3 | W80: =Dataset!G78 -> 3.6 | X80: =Dataset!Q78 -> 60.3
T81: =Dataset!F79 -> 100 | U81: =Dataset!J79 -> 85.2 | W81: =Dataset!G79 -> 6.7 | X81: =Dataset!Q79 -> 84.78
T82: =Dataset!F80 -> 66.1 | U82: =Dataset!J80 -> 80 | W82: =Dataset!G80 -> 6.4 | X82: =Dataset!Q80 -> 76.61
T83: =Dataset!F81 -> 72.7 | U83: =Dataset!J81 -> 77.1 | W83: =Dataset!G81 -> 5.3 | X83: =Dataset!Q81 -> 78.83
T84: =Dataset!F82 -> 83.5 | U84: =Dataset!J82 -> 66.7 | W84: =Dataset!G82 -> 2.4 | X84: =Dataset!Q82 -> 63.39
T85: =Dataset!F83 -> 82.8 | U85: =Dataset!J83 -> 82.6 | W85: =Dataset!G83 -> 5.9 | X85: =Dataset!Q83 -> 79.56
T86: =Dataset!F84 -> 86.4 | U86: =Dataset!J84 -> 82.9 | W86: =Dataset!G84 -> 6.1 | X86: =Dataset!Q84 -> 83.65
T87: =Dataset!F85 -> 96.2 | U87: =Dataset!J85 -> 73.3 | W87: =Dataset!G85 -> 4.9 | X87: =Dataset!Q85 -> 73.01
T88: =Dataset!F86 -> 80.9 | U88: =Dataset!J86 -> 81.2 | W88: =Dataset!G86 -> 7 | X88: =Dataset!Q86 -> 75.65
... T97: =Dataset!F95 -> 85.2 | U97: =Dataset!J95 -> 69.7 | W97: =Dataset!G95 -> 6.2 | X97: =Dataset!Q95 -> 69.58
T98: =Dataset!F97 -> 90.5 | U98: =Dataset!J97 -> 75 | W98: =Dataset!G96 -> 4.3 | X98: =Dataset!Q96 -> 46.3
T99: =Dataset!F98 -> 79.7 | U99: =Dataset!J98 -> 79 | W99: =Dataset!G97 -> 3.4 | X99: =Dataset!Q97 -> 78.73
T100: =Dataset!F99 -> 93.7 | U100: =Dataset!J99 -> 67 | W100: =Dataset!G98 -> 3 | X100: =Dataset!Q98 -> 79.18
T101: =Dataset!F100 -> 75.9 | U101: =Dataset!J100 -> 74.8 | W101: =Dataset!G99 -> 2.9 | X101: =Dataset!Q99 -> 63.35
T102: =Dataset!F101 -> 61.9 | U102: =Dataset!J101 -> 63.3 | W102: =Dataset!G100 -> 1.3 | X102: =Dataset!Q100 -> 74.3
T103: =Dataset!F102 -> 91.5 | U103: =Dataset!J102 -> 71.4 | W103: =Dataset!G101 -> 2.6 | X103: =Dataset!Q101 -> 64.41
T104: =Dataset!F103 -> 74.4 | U104: =Dataset!J103 -> 80.6 | W104: =Dataset!G102 -> 2.9 | X104: =Dataset!Q102 -> 70.65
T105: =Dataset!F104 -> 67.8 | U105: =Dataset!J104 -> 79.8 | W105: =Dataset!G103 -> 6 | X105: =Dataset!Q103 -> 82.02
T106: =Dataset!F105 -> 82.1 | U106: =Dataset!J105 -> 67.3 | W106: =Dataset!G104 -> 4.5 | X106: =Dataset!Q104 -> 76.98
T107: =Dataset!F106 -> 79.8 | U107: =Dataset!J106 -> 75.2 | W107: =Dataset!G105 -> 3.3 | X107: =Dataset!Q105 -> 69.94
T108: =Dataset!F107 -> 89.4 | U108: =Dataset!J107 -> 82.1 | W108: =Dataset!G106 -> 9 | X108: =Dataset!Q106 -> 72.97
T109: =Dataset!F108 -> 90 | U109: =Dataset!J108 -> 70.6 | W109: =Dataset!G107 -> 3.6 | X109: =Dataset!Q107 -> 79.49
...

Sheet CHARTS
